id,domain,status,purchase_price,renewal_price,attractiveness,demand,length,registrar,created_at,expires_at,status_verified_at
c3c814eb-8aa6-4df6-9401-d1ccc2182ee7,sedans.accountant,available,23.59,23.59,medium,low,6,namesilo,,,19/09/2026 22:27
5fbfb789-c21b-4994-9b5e-316ebfa61426,instant.accountant,premium,650,84.5,high,medium,7,namecheap,,,24/09/2026 02:22
413db159-e276-414e-be8d-9d8c5ff83f67,whimsy.accountant,premium,455,65,high,low,6,namecheap,,,20/09/2026 00:42
6b6f1c69-fbb2-4dff-8b85-0e97793deecd,leg.accountant,premium,625,,high,low,3,name.com,,,
28e4c268-4652-49ff-b41a-5aa66bf4d271,shown.accountant,premium,640,77.35,medium,low,5,namesilo,,,27/09/2026 08:00
0063bc1b-7ad5-4be6-a3bc-b51d5d6d3aee,gillespie.accountant,premium,640,77.35,high,low,9,namesilo,,,25/09/2026 04:55
7845e5d8-3eb2-4e43-aa68-774525d11ef4,exist.accountant,premium,437.5,,high,low,5,name.com,,,
56f48f9d-6046-4639-aa4d-6b87a07177e0,wild.accountant,premium,640,77.35,high,medium,4,namesilo,,,22/09/2026 17:18
4dc8dd82-9509-4036-9135-289476c4bb13,hagen.accountant,premium,,,high,low,5,,,,27/09/2026 20:14
ae0f0f45-4a5a-492b-99a6-1a410765677f,atkins.accountant,premium,640,77.35,high,low,6,namesilo,,,25/09/2026 17:28
08bb2b7d-abb7-48ce-8dde-a8c70568c880,nurses.accountant,available,25.98,31.98,high,low,6,namecheap,,,19/09/2026 19:32
1c27cf89-72f1-4b92-aaf5-21274c762cb3,duple.accountant,available,23.59,23.59,medium,low,5,namesilo,,,14/08/2026 20:37
050a366d-0f9e-42e0-9f02-af0616e8d65b,school.accountant,premium,362.45,51.95,high,medium,6,spaceship,,,28/09/2026 04:04
325c9066-d555-492d-aa71-94675c471562,geothermal.accountant,available,23.59,23.59,high,low,10,namesilo,,,18/08/2026 22:39
fd25102e-a5dd-4f89-9356-dc0eda81a39b,antimatter.accountant,premium,448,53.92,high,low,10,namesilo,,,19/09/2026 14:40
4733fea7-baf1-409e-8970-96c927d7cbdd,plier.accountant,available,23.59,23.59,medium,low,5,namesilo,,,
4fbf31ae-dc77-4638-9843-2fcbc039b384,pictural.accountant,available,25.98,31.98,high,medium,8,namecheap,,,08/09/2026 19:31
99d7f46f-430f-438a-8a9d-96e9aca470cb,amicable.accountant,available,25.98,31.98,high,low,8,namecheap,,,22/09/2026 04:19
d30a2bd4-ca70-4af2-a32b-3ceaf98a8d24,tantric.accountant,premium,448,53.92,high,low,7,namesilo,,,11/09/2026 08:05
73fe5a06-35ed-48ce-9d8a-f77d2627fad6,fairness.accountant,available,23.59,23.59,high,low,8,namesilo,,,22/09/2026 22:20
c9e3b3de-6263-40c1-b77e-22654a2c3433,archosaur.accountant,available,23.59,23.59,medium,low,9,namesilo,,,06/08/2026 15:57
126c2943-dcb2-4c0a-bcce-f948c2b5297b,allocation.accountant,available,23.59,23.59,high,low,10,namesilo,,,18/09/2026 11:47
f98e4ba1-62ea-41e1-862c-8c5b1645e861,magnificent.accountant,premium,116,29.5,high,low,11,namesilo,,,25/09/2026 11:17
76660393-a51a-49ef-bf5e-25d2afe1c43c,blanched.accountant,available,23.59,23.59,medium,low,8,namesilo,,,07/08/2026 02:14
e1abd2f6-4198-46d8-9a2e-c367c6642004,tremendous.accountant,premium,116,29.5,high,low,10,namesilo,,,17/08/2026 09:48
4f0c39a0-0cd1-4390-a98c-b12600e05c4c,surplus.accountant,premium,625,81.25,high,low,7,name.com,,,17/08/2026 16:09
c1f651fe-ce26-4b6f-86da-17d575713ea8,idyllic.accountant,available,25.98,31.98,high,low,7,namecheap,,,21/08/2026 18:14
ca7e839b-1c9a-4d6d-af50-1545f6ce55a1,entirely.accountant,available,23.59,23.59,high,low,8,namesilo,,,
5b47ce53-aae8-434d-823e-17e8b277dfae,balletic.accountant,available,23.59,23.59,medium,low,8,namesilo,,,08/08/2026 10:26
a9a006d4-5ef0-4821-a730-4e79c6132b9f,capsulated.accountant,available,25.98,31.98,medium,low,10,namecheap,,,11/08/2026 18:12
2184b88f-13b0-4a21-b165-f5b0d30b9108,null.accountant,available,23.59,23.59,high,medium,4,namesilo,,,03/09/2026 22:27
f75680d6-a9e9-4471-8299-91eea77a1d5f,pick.accountant,premium,448,53.92,high,low,4,namesilo,,,23/09/2026 14:24
89c88086-70f8-435b-9eba-3df592f14a5d,stroke.accountant,premium,437.5,,high,low,6,name.com,,,
17c06752-1855-4fd5-92c2-513821a47cff,uncoated.accountant,available,23.59,23.59,medium,low,8,namesilo,,,12/09/2026 05:35
ffd9e68e-63ab-411f-a00e-68a74a6e4de7,bluestem.accountant,premium,448,53.92,medium,low,8,namesilo,,,19/09/2026 04:58
a49327de-d581-4fb5-9b5f-b09ebde121fc,bluster.accountant,available,23.59,23.59,medium,low,7,namesilo,,,11/08/2026 01:07
003dcf0a-7dd9-4344-840e-03dee04619ad,airlike.accountant,available,23.59,23.59,medium,low,7,namesilo,,,
319d9085-bb6d-4622-b774-14a3c7496f04,backstage.accountant,premium,437.5,62.5,high,low,9,name.com,,,08/08/2026 06:18
e6bdec18-d6ed-42f8-b8e6-953c15dfcc90,undefiled.accountant,available,23.59,23.59,medium,low,9,namesilo,,,12/09/2026 06:15
4775a6a3-1b09-4e52-9d8b-22d57dcb5b9c,relieve.accountant,premium,437.5,62.5,high,low,7,name.com,,,17/08/2026 17:04
d62dd243-4486-4a94-bc59-4f8065788fd4,envisioned.accountant,available,23.59,23.59,high,low,10,namesilo,,,24/09/2026 14:18
4332fec8-2bfd-4718-a4fe-101f8cab3439,smarts.accountant,premium,650,84.5,high,low,6,namecheap,,,16/09/2026 18:16
fbabb07f-8a47-43e9-b45e-e29919531bcb,ribbons.accountant,premium,448,53.92,medium,low,7,namesilo,,,20/09/2026 07:05
e6df7d36-12a1-4039-ac43-a47fa7cf89ea,postscript.accountant,premium,455,65,high,low,10,namecheap,,,17/09/2026 06:45
3d4930f8-ad47-48b6-80c1-5fa25d7a491a,cheaply.accountant,available,23.59,23.59,medium,low,7,namesilo,,,14/09/2026 06:37
3331ad8e-8299-448e-8407-7727578b1cf4,camera.accountant,available,23.59,23.59,high,low,6,namesilo,,,
12a86b70-c319-448c-bc69-52388946504e,dourly.accountant,available,23.59,23.59,low,low,6,namesilo,,,14/09/2026 13:56
f8db2288-2801-4858-bee5-82d3ba30541c,streets.accountant,premium,437.5,,high,low,7,name.com,,,
7c9a6344-f444-44f5-b77c-25622f187215,passim.accountant,premium,455,65,medium,low,6,namecheap,,,15/09/2026 19:07
64744b73-48b1-4b5f-a451-01649fe2f192,finalized.accountant,available,23.59,23.59,medium,low,9,namesilo,,,17/09/2026 13:05
eaa94a9e-1494-4af6-a580-e1c18441fdc3,strike.accountant,premium,437.5,62.5,high,low,6,name.com,,,25/08/2026 00:52
914c8113-8328-4d60-a056-46747820e911,incubation.accountant,available,23.59,23.59,high,low,10,namesilo,,,11/08/2026 06:10
38ebce9e-7de2-4b7b-b5de-dfddd3ca68fb,shorter.accountant,available,23.59,23.59,high,low,7,namesilo,,,27/09/2026 17:41
52a3df94-a4a3-403b-a38a-9b6e5243d474,jewel.accountant,premium,437.5,,high,low,5,name.com,,,
e2dfc07d-8ad7-49d1-86da-b3fbccb17180,baldrick.accountant,available,23.59,23.59,medium,low,8,namesilo,,,21/09/2026 21:46
622ba0af-031f-4bc6-b5db-43db69d1f5b0,prosecution.accountant,available,31.98,,high,low,11,namecheap,,,
b24e1c95-31f6-458c-97f2-a13aa2a405d2,baryta.accountant,available,25.98,31.98,medium,low,6,namecheap,,,22/09/2026 09:42
1ec90010-98ea-4092-abbf-fecb3a7a834b,deciduous.accountant,available,25.98,31.98,medium,low,9,namecheap,,,13/08/2026 21:26
24c8f3cb-f1a8-4403-a622-550c10a2e6c2,outback.accountant,premium,448,53.92,high,low,7,namesilo,,,26/09/2026 03:21
d65511ec-d345-44cc-8ac1-0965665e9cfa,abhorrence.accountant,available,23.59,23.59,medium,low,10,namesilo,,,16/09/2026 15:25
04221338-5d84-4b12-b4cb-18c1fb60d417,lightness.accountant,available,25.98,31.98,high,low,9,namecheap,,,17/09/2026 17:53
dca05013-a0a6-43a6-bb07-84790e70c400,airspeed.accountant,premium,448,53.92,high,low,8,namesilo,,,17/09/2026 23:22
1c253a2e-f077-4168-85ab-1749cfa74a30,judges.accountant,available,31.98,,high,low,6,namecheap,,,
0ec906b5-ffda-4e58-b79c-b547c5cf819a,grinning.accountant,available,20.18,20.18,high,low,8,cloudflare,,,27/09/2026 23:14
d713cf3f-7134-411e-a252-a595aaa2d058,called.accountant,available,,,high,low,6,,,,
8e8ac1a5-8e3c-45fb-b140-daf26b319c85,meager.accountant,available,25.98,31.98,medium,low,6,namecheap,,,24/08/2026 18:02
da054611-98a0-4181-bf6e-f19f9376fa5a,papery.accountant,available,23.59,23.59,medium,low,6,namesilo,,,12/08/2026 02:43
5a57b850-ef86-43eb-9928-335d62e04eb8,citywide.accountant,premium,437.5,62.5,high,low,8,name.com,,,12/08/2026 09:00
35868ee0-2d81-4660-b3ba-96fef9a60ad0,gamers.accountant,premium,640,77.35,high,low,6,namesilo,,,20/09/2026 23:00
94f55d36-93e4-47b0-91c4-f29297463c4f,janet.accountant,premium,455,65,high,low,5,namecheap,,,25/09/2026 13:29
0fd86099-754b-48f5-85cb-d564306c131c,approx.accountant,premium,448,53.92,medium,low,6,namesilo,,,27/09/2026 02:29
3db03689-cf7f-435f-9c66-58f4fd61ffca,monaural.accountant,available,23.59,23.59,medium,low,8,namesilo,,,25/08/2026 04:20
2ac8720f-fae3-4713-bbd1-66f9c3abf548,reyes.accountant,premium,116,29.5,high,low,5,namesilo,,,25/09/2026 23:52
9ef5ff8e-c588-402a-a4d6-05887e12b487,bolt.accountant,premium,437.5,,high,medium,4,name.com,,,
7e183abd-d74c-4661-9524-915ccd274e37,snyder.accountant,premium,650,84.5,high,low,6,namecheap,,,25/09/2026 18:53
99d94530-bc0c-4dac-a1fb-528f6963faf0,overfond.accountant,available,23.59,23.59,medium,low,8,namesilo,,,04/09/2026 20:35
81d6d813-a63a-44b6-bbda-5d08aca92680,babyish.accountant,available,23.59,23.59,medium,low,7,namesilo,,,08/08/2026 03:53
3da11549-3cf1-47fa-890c-08e68f429f71,trumpet.accountant,premium,455,65,high,low,7,namecheap,,,24/09/2026 18:17
5bb61a2f-1a9d-4c9b-990e-c3364821fa12,moves.accountant,premium,455,65,high,low,5,namecheap,,,25/09/2026 21:00
5079d3e2-9152-4a77-9d2a-be47ac59016f,dialectic.accountant,premium,437.5,62.5,high,low,9,name.com,,,14/08/2026 05:50
3f7d4afc-1e42-4c24-b226-c48c90aed859,lick.accountant,premium,437.5,,high,low,4,name.com,,,
ee0e74a0-c054-437b-93f1-7ff7119576db,natality.accountant,available,25.98,31.98,medium,low,8,namecheap,,,23/09/2026 21:04
604150e2-07d5-4c75-bd50-6f375d68a0ff,propulsion.accountant,premium,448,53.92,high,low,10,namesilo,,,17/09/2026 05:22
f0c3ef11-2c75-4da6-b5a5-439a13835616,blurry.accountant,available,23.59,23.59,medium,low,6,namesilo,,,22/09/2026 23:23
959e55d2-b960-4021-935b-dbd9d6cfcfc2,seraphic.accountant,available,23.59,23.59,high,low,8,namesilo,,,12/08/2026 04:26
1755d43e-9253-4500-afa2-e1c0c53cea88,hellish.accountant,available,23.59,23.59,medium,low,7,namesilo,,,09/08/2026 04:59
d8dc0fa0-b71f-4cb3-b909-fb7d618ed574,solitary.accountant,premium,437.5,62.5,high,low,8,name.com,,,24/08/2026 08:55
2325df75-1705-4c5f-8997-ab1ac968a969,visibly.accountant,premium,455,65,medium,low,7,namecheap,,,16/09/2026 11:04
16401831-b0b2-42b1-a919-7b30280ff355,afrikaner.accountant,available,23.59,23.59,medium,low,9,namesilo,,,
2024720e-1c4a-43db-b56f-c00fa432f446,polynesian.accountant,premium,437.5,62.5,high,low,10,name.com,,,24/08/2026 13:48
4fbb0a7d-bfee-4c5a-be00-57a2e4fb7c5e,lorraine.accountant,premium,448,53.92,high,low,8,namesilo,,,25/09/2026 09:09
2832b4f9-15a7-4c32-ba65-34f7dca251d4,toupeed.accountant,available,25.98,31.98,low,low,7,namecheap,,,11/09/2026 18:18
642d8643-25b4-4200-9fd2-2f037714c185,tappan.accountant,premium,640,77.35,medium,low,6,namesilo,,,20/09/2026 11:08
e1508e7a-ecc9-428a-9b98-b71068357d6b,distribute.accountant,premium,448,53.92,high,low,10,namesilo,,,28/09/2026 00:20
c117860c-0993-4a51-b8b6-7a4a003288dd,abjurer.accountant,available,23.59,23.59,medium,low,7,namesilo,,,16/09/2026 16:02
4c9aaf91-01c5-4d7a-b5f2-51fb417a387a,got.accountant,premium,650,84.5,high,low,3,namecheap,,,27/09/2026 07:08
6ac19b47-ef05-4fc0-919a-b345f2a7f2a4,sympatric.accountant,available,23.59,23.59,medium,low,9,namesilo,,,11/09/2026 06:05
410eed27-b88a-4bb5-a776-daacf0f9632e,prophet.accountant,premium,455,65,high,low,7,namecheap,,,28/09/2026 02:52
9c6f253b-c317-47d2-8e25-883f5d95dcab,abyssinia.accountant,available,25.98,31.98,high,low,9,namecheap,,,16/09/2026 19:52
e3f41793-d072-4760-b671-018a06d153c9,bender.accountant,premium,448,53.92,high,low,6,namesilo,,,23/09/2026 07:44
e66076d7-94ec-4300-ad5e-322924f14f8e,squirrel.accountant,premium,437.5,,high,low,8,name.com,,,
994fad50-e836-4be3-9d53-7546db85f567,luzon.accountant,premium,362.45,51.95,high,low,5,spaceship,,,27/09/2026 14:53
9e5d756a-2ae0-4757-b090-9e2599735d07,birds.accountant,premium,437.5,,high,low,5,name.com,,,
ad15d0e1-e0e3-4d6f-a7fc-7b7aa8499646,lip.accountant,premium,625,,high,low,3,name.com,,,
7976fec3-70cf-4c28-a119-b70d1ec04d20,hedged.accountant,available,23.59,23.59,medium,low,6,namesilo,,,21/08/2026 05:50
12141192-1a63-4057-b78d-2bc4efb505e4,shallot.accountant,available,25.98,31.98,medium,low,7,namecheap,,,18/09/2026 11:16
ee47562a-dc20-4cb4-a6d3-6d048f5ae235,haley.accountant,available,23.59,23.59,high,low,5,namesilo,,,18/09/2026 05:45
4c990777-0cfe-4577-8682-498b7e630dd3,requesting.accountant,available,25.98,31.98,medium,low,10,namecheap,,,16/09/2026 07:09
83778c1b-368c-427d-b3ca-e0469b576537,roundly.accountant,available,23.59,23.59,medium,low,7,namesilo,,,14/09/2026 00:45
77edf2a2-186c-472b-9ade-cacb24f79baf,xanax.accountant,premium,448,53.92,medium,low,5,namesilo,,,18/09/2026 14:09
6673ce24-9f18-4f03-953d-824960b1757d,reentrant.accountant,available,23.59,23.59,medium,low,10,namesilo,,,09/09/2026 10:51
a20aea2e-7b95-4abf-96c0-9b7f1913e37c,bradshaw.accountant,premium,362.45,51.95,high,low,8,spaceship,,,27/09/2026 18:05
59c32340-589f-4389-9251-9a6cba4fbc84,mauldin.accountant,premium,640,77.35,medium,low,7,namesilo,,,23/09/2026 16:01
8d241df7-252a-4211-afa4-4052b0f14132,ironlike.accountant,available,23.59,23.59,medium,low,8,namesilo,,,22/08/2026 10:10
88000b91-425d-46f7-b0e5-bdf0937de29d,acris.accountant,premium,448,53.92,medium,low,5,namesilo,,,17/09/2026 03:16
294509fe-6e37-4f57-8903-ce2cc22d1667,probing.accountant,available,23.59,23.59,high,low,7,namesilo,,,22/08/2026 06:21
284a459e-8083-4976-96e3-32d8a3136df4,endowed.accountant,available,23.59,23.59,high,low,7,namesilo,,,17/08/2026 01:23
51500f97-02d3-420e-a75d-56d55bd296d1,diversely.accountant,available,23.59,23.59,medium,low,9,namesilo,,,14/09/2026 13:25
d3201d8c-8dd3-4127-8ce2-59c3cec11560,atrazine.accountant,available,23.59,23.59,medium,low,8,namesilo,,,21/09/2026 00:37
ba8e1ade-7237-46dd-9823-fa9d083b5e7a,contention.accountant,available,23.59,23.59,medium,low,10,namesilo,,,20/09/2026 04:48
512a2c51-7aa3-453c-93ad-5d85077cb703,sunglass.accountant,premium,437.5,,high,low,8,name.com,,,
b79b8ca8-216e-436c-b1c8-74bcb11e85fe,signaling.accountant,available,23.59,23.59,high,medium,9,namesilo,,,10/09/2026 08:00
6883c9c3-a133-402a-a914-ca5be6587356,climbable.accountant,available,23.59,23.59,medium,low,9,namesilo,,,07/08/2026 00:10
c3850b65-f46f-4dee-a24f-2617091e6fae,sugared.accountant,available,23.59,23.59,medium,low,7,namesilo,,,11/09/2026 01:16
80dfe6d1-f953-4ce8-9989-62ca5ee372ef,enlivened.accountant,available,23.59,23.59,high,low,9,namesilo,,,17/08/2026 09:37
e0caf470-296c-4b96-9e33-7cf9908e4639,feed.accountant,premium,448,53.92,high,low,4,namesilo,,,25/09/2026 05:56
bf5d4734-fe26-43d4-9d57-e6fb91f0d5d6,abm.accountant,premium,640,77.35,high,low,3,namesilo,,,16/09/2026 16:15
bf424c92-5069-4ad5-ac4c-bb83eaa77d7e,soonest.accountant,available,23.59,23.59,medium,low,7,namesilo,,,14/08/2026 22:25
82c5bffd-f520-4778-8cf1-22692bc0c2cb,ballade.accountant,premium,448,53.92,medium,low,7,namesilo,,,21/09/2026 22:41
d4352890-1d25-4569-91ea-a46fe695b021,wrinkle.accountant,premium,437.5,62.5,medium,low,7,name.com,,,13/08/2026 07:11
d6b24ec4-d0f6-4d27-bb66-b9e266ca19d9,academics.accountant,available,23.59,23.59,high,low,9,namesilo,,,28/09/2026 05:28
ad51ecb6-9a1a-47ac-b535-8b9587bb10d6,form.accountant,premium,448,53.92,high,medium,4,namesilo,,,25/09/2026 12:45
f713418f-f47b-4be7-8cac-e48ef6b7a33a,herbs.accountant,premium,437.5,62.5,high,low,5,name.com,,,17/09/2026 01:23
b144f4ab-a299-41fc-8f93-9cee386f24fa,succinct.accountant,available,25.98,31.98,high,low,8,namecheap,,,23/09/2026 17:07
a92707a1-d7ba-4b04-934e-ed18f7d9a6eb,hanoverian.accountant,premium,437.5,62.5,medium,low,10,name.com,,,20/08/2026 23:44
7be7cbc4-64a7-4988-89f1-84063604d837,ladder.accountant,available,23.59,23.59,high,low,6,namesilo,,,
fa2fd0a1-2b4a-40f8-b882-67e6da3dacc6,brimless.accountant,available,23.59,23.59,medium,low,8,namesilo,,,11/08/2026 04:13
5f7d837d-2c70-4ef7-a2f9-3e36f96e34ad,kindly.accountant,premium,448,53.92,high,low,6,namesilo,,,24/09/2026 22:41
fcfbbb85-de12-4cc3-bf74-a9bae29ff508,dike.accountant,premium,625,81.25,medium,low,4,name.com,,,11/08/2026 11:33
68374809-6536-4f0a-aaae-f3478aef3b3e,dresser.accountant,premium,640,77.35,high,low,7,namesilo,,,17/09/2026 05:17
d61e4279-88bc-41a7-85ac-f91d999f40be,heroes.accountant,premium,448,53.92,high,low,6,namesilo,,,17/09/2026 22:48
068567b1-b4bd-4ec2-818a-0a29b52bcc0d,nineties.accountant,available,23.59,23.59,medium,low,8,namesilo,,,16/09/2026 12:01
17b1eead-3d8d-4f8f-ac34-ac1b6348d361,max.accountant,available,,,high,medium,3,,,,
93c7930f-3cae-4504-93f6-6f39505b99ae,lowered.accountant,available,23.59,23.59,medium,low,7,namesilo,,,25/09/2026 15:26
ec17a906-6f09-4152-bf43-9c3ab36c3784,pulmonary.accountant,available,23.59,23.59,high,low,9,namesilo,,,09/09/2026 05:54
14379ff4-b0fc-44ba-8495-4628d7d212c5,expertise.accountant,premium,437.5,,high,low,9,name.com,,,
0e163876-3920-4d50-a70c-4591337c3965,precise.accountant,premium,448,53.92,high,low,7,namesilo,,,27/09/2026 04:53
81ca0df6-9517-4f8b-a792-8dd6f51b28bb,bascule.accountant,premium,448,53.92,medium,low,7,namesilo,,,22/09/2026 09:54
6ee4f4e8-3ff5-4ae0-8415-bb0c250d40f0,cantala.accountant,available,23.59,23.59,medium,low,7,namesilo,,,17/09/2026 16:42
078dd366-f4e0-4d14-957f-0aacd6d6b026,hours.accountant,premium,437.5,,high,low,5,name.com,,,
11396347-8597-4c44-a984-4b47e4fff86b,ethics.accountant,premium,448,53.92,high,low,6,namesilo,,,28/09/2026 05:38
e29a6eb0-35ff-4af2-99b4-3ee988ecaad6,ambystoma.accountant,available,23.59,23.59,medium,low,9,namesilo,,,18/09/2026 17:36
8505984b-c44b-4a10-ac08-7f374a20876b,strangled.accountant,available,23.59,23.59,high,medium,9,namesilo,,,10/09/2026 12:13
b254bb23-be8c-402b-8ff6-f6c991824540,observe.accountant,premium,448,53.92,high,low,7,namesilo,,,25/09/2026 23:53
56385958-8600-4ced-9fa9-92030cf05f5e,satiated.accountant,available,23.59,23.59,medium,low,8,namesilo,,,09/09/2026 21:39
b0ab633c-2206-47b0-9e49-cf4eecc025ad,bourgeois.accountant,available,23.59,23.59,high,medium,9,namesilo,,,10/08/2026 22:45
4a3c63b2-6b1e-49cc-827b-d58547d8b7e0,mathews.accountant,premium,640,77.35,medium,low,7,namesilo,,,27/09/2026 01:56
d59dad7c-f834-4b04-8007-8be869bc9c95,ellis.accountant,premium,650,84.5,high,low,5,namecheap,,,25/09/2026 20:56
00037417-dd1c-414c-9432-f0f879c7bcad,vault.accountant,premium,640,77.35,high,medium,5,namesilo,,,22/09/2026 02:40
0fb9f0c9-74d2-461d-8fc6-4ddbd5bf5483,movable.accountant,premium,437.5,62.5,high,low,7,name.com,,,25/08/2026 08:56
140c83c4-ba80-4f22-aa04-f125410126ca,anshar.accountant,available,25.98,31.98,medium,low,6,namecheap,,,19/09/2026 12:12
7bc7b98b-c586-4cae-a57c-70113edb00a3,kahn.accountant,available,23.59,23.59,high,low,4,namesilo,,,25/09/2026 23:22
04a55dde-76c0-4e41-9bb6-2ecf17bb4f5f,stations.accountant,available,23.59,23.59,high,low,8,namesilo,,,
941f04fe-21ed-476c-8573-f1e1ac40ab5b,greenville.accountant,premium,650,84.5,high,low,10,namecheap,,,25/09/2026 06:42
db1f3e38-749a-4807-bae6-836a3fb9ca69,constancy.accountant,available,23.59,23.59,high,low,9,namesilo,,,24/09/2026 17:32
125555f1-692b-47ae-bc33-0601bf8881b3,obligate.accountant,available,23.59,23.59,medium,low,8,namesilo,,,03/09/2026 23:37
95484106-570b-4269-8b1c-2aa57fc24047,guide.accountant,premium,1250,,high,low,5,name.com,,,
a97b2568-e7a0-4a5f-ac11-1a1269c1a2fa,reddened.accountant,available,23.59,23.59,high,medium,8,namesilo,,,09/09/2026 12:10
05b63667-3406-458e-8da9-129ae8de67c2,roses.accountant,premium,455,65,high,low,5,namecheap,,,17/09/2026 21:17
5be4a143-bc4d-4a06-ad58-d06895a521cd,articulate.accountant,premium,448,53.92,high,low,10,namesilo,,,22/09/2026 08:42
2dc41b6e-4950-43bd-85a7-16c4b6729081,stylistic.accountant,premium,448,53.92,high,low,9,namesilo,,,10/09/2026 23:19
94242611-9bb3-484e-84bb-1484f3f4eeb5,lethargic.accountant,available,23.59,23.59,medium,low,9,namesilo,,,23/08/2026 00:27
049bb0dc-de27-4a24-892d-4893168350e8,wriggling.accountant,available,23.59,23.59,medium,low,9,namesilo,,,13/09/2026 13:41
4d2d0551-3708-4826-8eab-bac14be0a635,newbury.accountant,premium,,,medium,low,7,,,,28/09/2026 03:59
28f100c4-9961-4fb3-9780-067be5ff1523,kong.accountant,premium,448,53.92,high,low,4,namesilo,,,25/09/2026 12:08
0c4181a9-309c-4205-8dff-e795a9e2e48e,arnold.accountant,premium,1107,116,high,low,6,namesilo,,,20/09/2026 08:16
ab6ebf9f-4fdd-4294-8b7f-3fce84833105,unfeasible.accountant,available,23.59,23.59,medium,low,10,namesilo,,,21/08/2026 22:56
36b5f495-3361-4bbd-b323-421840cc0036,anthology.accountant,premium,448,53.92,high,low,9,namesilo,,,19/09/2026 13:28
91f25dd8-5139-4189-93f4-654a48189ba4,landscaping.accountant,available,23.59,23.59,high,low,11,namesilo,,,24/09/2026 05:36
e8e5786f-09d1-48d4-9c91-09f1d4f006b5,favorable.accountant,available,23.59,23.59,high,low,9,namesilo,,,24/09/2026 17:21
4afc63ff-d0c8-4416-b572-65369a9eaf99,respond.accountant,premium,437.5,,high,low,7,name.com,,,
4df7d04a-bf78-48ed-a6ee-f795d02e2741,truelove.accountant,premium,448,53.92,medium,low,8,namesilo,,,10/09/2026 19:36
fb0b7aa0-16c3-4109-a50e-5e78ecd8f225,dalmatian.accountant,premium,437.5,62.5,high,low,9,name.com,,,13/08/2026 16:00
5b36aa1d-89ed-4a1d-a2f6-5bc8458e4401,cryptic.accountant,premium,437.5,62.5,high,low,7,name.com,,,11/08/2026 12:17
dd399b75-8df0-4681-ae2c-999eee435c96,atticus.accountant,premium,448,53.92,high,low,7,namesilo,,,21/09/2026 01:46
b442c775-8aac-477a-9e8d-3b69bf43c602,mislaid.accountant,available,23.59,23.59,medium,low,7,namesilo,,,25/08/2026 01:30
de4a18ec-de56-4ce0-a75f-1f10d5c16bdd,profuse.accountant,premium,437.5,62.5,high,low,7,name.com,,,24/08/2026 11:47
65506d3b-74f2-41ad-b4bb-2d02a7c74632,hitchcock.accountant,premium,640,77.35,high,low,9,namesilo,,,18/09/2026 06:32
d4ad01fc-674a-45db-bc72-b53ce5af325f,worded.accountant,available,23.59,23.59,medium,low,6,namesilo,,,20/09/2026 15:04
2be83475-7e95-4b65-bcda-923c456f4615,pentad.accountant,available,23.59,23.59,medium,low,6,namesilo,,,
e6be53b6-9335-43bb-86a7-6476759015f3,horny.accountant,premium,625,81.25,high,low,5,name.com,,,13/08/2026 01:41
f0a2a021-4f8d-4487-bf90-56626017d2a2,humble.accountant,premium,650,84.5,high,low,6,namecheap,,,22/09/2026 17:44
240f9fc8-8a80-4fb0-88fb-b93873671d12,swallow.accountant,premium,437.5,,high,low,7,name.com,,,
e84865f1-2bd5-4b42-aa6c-984d40e29cbe,elective.accountant,available,23.59,23.59,high,low,8,namesilo,,,16/08/2026 02:33
17b23136-7e78-4644-94a6-52ee928f5292,punctual.accountant,premium,640,77.35,high,medium,8,namesilo,,,09/09/2026 05:58
260944a6-0333-4d95-a536-18e1d6df29fc,madison.accountant,premium,640,77.35,high,low,7,namesilo,,,08/09/2026 13:09
297aece4-339b-4fd6-bf96-64ccb991a098,retarded.accountant,available,23.59,23.59,medium,low,8,namesilo,,,27/09/2026 13:11
a14e4833-4887-46c5-ac05-ddcc6be8db4f,contains.accountant,available,25.98,31.98,medium,low,8,namecheap,,,18/09/2026 15:08
13e8a840-557f-4b89-be2b-a637324d8e62,snidely.accountant,available,23.59,23.59,medium,low,7,namesilo,,,16/09/2026 03:18
b1cfea30-b633-459d-8b0a-f7a6d202c4ad,cao.accountant,premium,640,77.35,high,low,3,namesilo,,,25/09/2026 14:36
05848a29-0f28-437e-9f98-a82a26f74fc9,bosh.accountant,available,23.59,23.59,medium,low,4,namesilo,,,21/09/2026 23:47
b2bd86fa-eb28-4daa-b8ef-451be6cb090d,gorbachev.accountant,available,21.6,21.6,medium,low,9,dynadot,,,28/09/2026 05:51
484eb6fd-919e-4854-b1ab-bc5fcaf95ce5,unlatched.accountant,available,23.59,23.59,medium,low,9,namesilo,,,12/09/2026 01:38
e2c692c4-3878-4603-9f14-094c9363fc13,samarium.accountant,available,23.59,23.59,medium,low,8,namesilo,,,20/09/2026 23:24
de5c9e57-cd50-48b9-a6a2-b651a7f8a3a3,debauched.accountant,available,34.99,37.99,medium,low,9,name.com,,,13/08/2026 20:14
0d92a8c6-ed26-4706-b0c5-0473c0b8a1de,reinforced.accountant,available,25.98,31.98,high,low,10,namecheap,,,23/09/2026 10:25
6671b9e6-25e6-4468-82fc-3853b316e862,billyo.accountant,available,23.59,23.59,medium,low,6,namesilo,,,18/09/2026 09:10
bba11719-a48e-4d18-bb86-4b1fbe9359f2,help.accountant,resell,,,high,medium,4,"Chengdu West Dimension Digital Technology Co., Ltd.",30/10/2015 10:04,29/10/2027 23:59,26/09/2026 06:38
7b8248b9-df70-4e29-a321-958cf6a4780d,adventurer.accountant,premium,448,53.92,high,low,10,namesilo,,,17/09/2026 10:41
56804a24-7f48-48a0-96c4-2c87366e34e2,abreast.accountant,available,23.59,23.59,medium,low,7,namesilo,,,
92ddd564-9a17-49f0-a1be-60feba169236,badness.accountant,available,23.59,23.59,medium,low,7,namesilo,,,08/08/2026 07:23
4b68231b-3605-4375-9cf9-7975fb78c99d,cases.accountant,premium,455,65,medium,low,5,namecheap,,,17/09/2026 16:31
70f14448-8779-4b27-9c0e-4b3e63728882,arbitrarily.accountant,available,31.98,,medium,low,11,namecheap,,,
131145ec-6892-43c9-ac7d-784ef37a982a,liveness.accountant,available,25.98,31.98,high,low,8,namecheap,,,19/09/2026 09:04
8a8722b0-9030-45eb-a521-96d9c36d67e8,seoul.accountant,available,,,high,low,5,,,,
a163d304-6cd0-42da-86d5-9ed9492c2a78,dotted.accountant,available,34.99,37.99,medium,low,6,name.com,,,13/08/2026 18:28
8a89dc7a-37fd-4640-97bb-f79e21d8abdd,reduce.accountant,premium,448,53.92,high,low,6,namesilo,,,24/09/2026 08:28
16ee5efa-c453-4044-9e7e-e75dae81f14a,ascesis.accountant,available,23.59,23.59,medium,low,7,namesilo,,,20/09/2026 13:10
5d3ee14b-610a-4cad-be62-9f0998d517aa,disgraced.accountant,available,23.59,23.59,medium,low,9,namesilo,,,14/08/2026 10:21
cc41c646-7495-4036-b4b6-ffd6ea255bb2,volar.accountant,premium,448,53.92,medium,low,5,namesilo,,,05/09/2026 00:00
5b9843ce-3fcd-4814-ba4e-9766caf02d32,feckless.accountant,available,23.59,23.59,medium,low,8,namesilo,,,18/08/2026 00:31
e0d08b48-1185-4568-a221-c67809da3291,prudently.accountant,available,23.59,23.59,medium,low,9,namesilo,,,15/09/2026 21:50
7bad84c0-56cc-428a-bb26-2713f89f12f3,fivefold.accountant,available,23.59,23.59,medium,low,8,namesilo,,,18/08/2026 05:56
78b1fab7-3efa-4671-b71a-9c02f2d9e583,political.accountant,premium,640,77.35,high,low,9,namesilo,,,27/09/2026 04:28
7caf0c5f-834b-4886-bb3d-4c3654ff5c78,capricorn.accountant,premium,448,53.92,high,low,9,namesilo,,,24/09/2026 12:40
a5d266de-b968-49ea-84fd-4182b0340cb8,scots.accountant,premium,448,53.92,high,low,5,namesilo,,,09/09/2026 23:33
f62c6faa-f068-47ec-af38-b0e3ee39cc8c,jay.accountant,premium,625,,high,low,3,name.com,,,
f64910c7-b529-4712-82c8-c8a8a2d8b3d6,armin.accountant,premium,448,53.92,high,low,5,namesilo,,,20/09/2026 07:10
ab8794f9-4c9d-4542-be1b-38872cd00b29,toying.accountant,available,23.59,23.59,high,low,6,namesilo,,,
22e629c0-dae4-4928-a351-3638def8a1b0,burgess.accountant,premium,116,29.5,medium,low,7,namesilo,,,19/09/2026 13:35
a69c9f2f-d584-499a-8152-7b64ff0ad905,oafish.accountant,available,25.98,31.98,medium,low,6,namecheap,,,10/08/2026 19:32
8214fdd0-4b70-47a9-b0b2-7370f43f1d84,cars.accountant,premium,640,77.35,high,medium,4,namesilo,,,17/09/2026 14:10
2ea6563b-18ec-402e-90a6-0a164cf1639d,pulverized.accountant,available,23.59,23.59,medium,low,10,namesilo,,,18/08/2026 04:41
88984fd3-9122-4edb-b1cb-bebe2f00f253,gdp.accountant,premium,640,77.35,high,low,3,namesilo,,,25/09/2026 06:24
298a8822-e214-4723-a6b4-f19535d28795,dendroid.accountant,available,23.59,23.59,medium,low,8,namesilo,,,06/08/2026 13:50
1469b156-356d-460d-9b72-7b4e94f4ce98,captive.accountant,premium,625,81.25,high,low,7,name.com,,,
b85d7fae-5c41-407d-a565-1bccf739a01f,adrenalin.accountant,premium,448,53.92,high,low,9,namesilo,,,17/09/2026 09:56
2dbb60fc-7d57-4905-8af9-2467de4f2004,warmly.accountant,available,23.59,23.59,high,low,6,namesilo,,,13/09/2026 08:17
473d3c2f-bd70-4cde-b80e-c06d8faab875,clicking.accountant,available,23.59,23.59,high,low,8,namesilo,,,
82ec40ba-edb4-41bb-aa14-71890b2ef3a1,abed.accountant,available,23.59,23.59,medium,low,4,namesilo,,,13/09/2026 16:13
17fcad4e-6bf4-42c2-975f-14b8a6941bf4,imprudent.accountant,available,23.59,23.59,medium,low,9,namesilo,,,21/08/2026 23:23
4ce7da3f-f2ff-41a9-b662-7760bb9b9bd5,actifed.accountant,premium,448,53.92,high,medium,7,namesilo,,,17/09/2026 04:37
406b59f8-53c8-4c7a-84ed-7d441472be6c,choc.accountant,premium,437.5,,high,low,4,name.com,,,
137fad37-b0e1-4013-a9d1-f326e77d6fdc,explicable.accountant,available,25.98,31.98,medium,low,10,namecheap,,,17/08/2026 18:23
0f1e6964-6758-458a-8a03-e0ff4092d62d,refunds.accountant,available,25.98,31.98,high,low,7,namecheap,,,20/09/2026 14:13
8d6d6eba-f4cb-4b33-92cf-2832adfcdcfe,sulphur.accountant,premium,640,77.35,medium,low,7,namesilo,,,20/09/2026 22:29
b6cf8178-7ff2-4bcf-b546-1b6a6a875bec,holding.accountant,available,23.59,23.59,high,low,7,namesilo,,,
c5a1695d-74eb-44f9-a2d8-602113c17adb,downwind.accountant,available,25.98,31.98,medium,low,8,namecheap,,,14/08/2026 18:03
218bae54-fd8f-4a43-8546-bf76f36c7536,bills.accountant,premium,455,65,high,low,5,namecheap,,,18/09/2026 06:49
e77c731a-6008-419d-a462-d04b1a9bb09e,tort.accountant,available,23.59,23.59,high,low,4,namesilo,,,24/09/2026 15:10
bbf4f471-8262-44ff-9035-554c9f9c7466,climate.accountant,premium,437.5,,high,low,7,name.com,,,
cb693faf-f241-432b-8747-a382ead39542,malamud.accountant,available,23.59,23.59,medium,low,7,namesilo,,,23/09/2026 09:50
3f7af757-eb7d-4847-9707-f170662f068d,fail.accountant,premium,437.5,,medium,low,4,name.com,,,
567d65b4-80b0-4ab1-a3a6-8d257490dfb7,dysprosium.accountant,available,23.59,23.59,medium,low,10,namesilo,,,20/09/2026 23:28
9b4d6508-9254-4e04-91f9-5e3f1c546ad7,detached.accountant,available,23.59,23.59,medium,low,8,namesilo,,,24/09/2026 07:07
29b4e2a6-61bd-452a-af1a-d7ded474e08b,daydream.accountant,premium,448,53.92,high,low,8,namesilo,,,17/09/2026 22:00
2e7254ad-18fe-4a7c-871f-7c81e9b60796,convicted.accountant,premium,448,53.92,medium,low,9,namesilo,,,27/09/2026 23:23
24cc45f7-40cc-4365-8658-60604b0bb28a,bun.accountant,premium,640,77.35,high,low,3,namesilo,,,24/09/2026 11:10
30249ced-420f-479c-baa8-ed34e8b5d9ce,fiend.accountant,premium,437.5,62.5,medium,low,5,name.com,,,17/08/2026 21:54
df143e0c-5590-47c8-b082-2b120b234ed0,heavenly.accountant,premium,437.5,62.5,high,low,8,name.com,,,11/08/2026 23:21
d23501fa-241f-4d33-914a-a5a2dc443f00,biogenesis.accountant,premium,455,65,high,low,10,namecheap,,,23/09/2026 18:02
480974eb-4f84-4679-b9b6-02503c1b551a,hebrew.accountant,premium,437.5,62.5,high,low,6,name.com,,,21/08/2026 05:43
67e919bb-d8a3-44ec-baf9-51196e87ed59,authority.accountant,premium,640,77.35,high,low,9,namesilo,,,17/09/2026 17:02
60d3faa8-1bd2-49f4-b7d2-5ea9a5cf1979,flash.accountant,premium,455,65,high,medium,5,namecheap,,,24/09/2026 19:22
7b98dbc9-de3e-4207-a49f-bc276a091132,hoagie.accountant,available,25.98,31.98,high,low,6,namecheap,,,24/09/2026 20:04
817e331e-92f3-465b-b0b4-cd12e6bab200,provoking.accountant,available,23.59,23.59,high,low,9,namesilo,,,
9c2c7dc8-5618-4a41-89ab-33cf2b10a2d0,kelly.accountant,premium,116,29.5,high,low,5,namesilo,,,25/09/2026 05:33
a5c9a013-2fd6-4a20-b6e1-3fa5e30bf614,aluminium.accountant,available,23.59,23.59,high,low,9,namesilo,,,18/09/2026 00:20
78ae9861-375a-4fcf-9a7d-6024914f80f9,downpour.accountant,premium,455,65,high,low,8,namecheap,,,24/09/2026 16:02
50aa02ab-3759-4f6a-88e1-6e4a88476275,numerable.accountant,available,23.59,23.59,medium,low,9,namesilo,,,13/08/2026 03:32
57af334a-b09d-4fa7-8251-1565f381786f,cincinnati.accountant,available,,,high,low,10,,,,
c3928bf6-97a2-4462-89b3-7495ae3c0920,registration.accountant,available,23.59,23.59,high,low,12,namesilo,,,
a0a273f8-a7a7-478c-bb17-6ec5e8ca4ec2,soaked.accountant,premium,437.5,62.5,medium,low,6,name.com,,,09/08/2026 15:52
cf8ea75f-d524-4b19-a356-c2d58cca986f,allegiant.accountant,premium,437.5,62.5,high,low,9,name.com,,,
faf38f05-897a-4e2b-b3f6-2e6d7c9b02a6,hashtag.accountant,premium,437.5,,high,low,7,name.com,,,
54b757bb-b906-4928-b139-bc9242d1e92c,bergman.accountant,premium,448,53.92,high,low,7,namesilo,,,23/09/2026 09:21
78188bb9-09ff-4d77-a6b8-e3bfd95dc1a4,evidently.accountant,premium,455,65,high,low,9,namecheap,,,08/09/2026 20:21
c63654e6-8ce3-4f79-829b-3a851634139b,childhood.accountant,available,23.59,23.59,high,low,9,namesilo,,,
ee2fa881-aeb4-407d-aeaa-55672beca5fc,venturous.accountant,available,34.99,37.99,medium,low,9,name.com,,,13/08/2026 17:49
12ecfbec-1c67-4c3b-8e14-be542716eb88,piecemeal.accountant,premium,437.5,62.5,high,low,9,name.com,,,10/08/2026 07:07
f5af46b6-3bac-4643-9f77-0385f6109a7b,bidens.accountant,available,23.59,23.59,medium,low,6,namesilo,,,
71d97b2d-2010-430f-9597-98bd1ae66145,clipped.accountant,available,23.59,23.59,high,low,7,namesilo,,,12/08/2026 11:16
7b88fc27-d815-4898-a448-b0a3aa05d4b3,assamese.accountant,available,23.59,23.59,medium,low,8,namesilo,,,07/08/2026 05:38
0e920dba-7513-410b-931c-13b323cafaf0,tapped.accountant,available,23.59,23.59,high,low,6,namesilo,,,11/09/2026 08:19
40e123e9-7c54-471c-b52e-fe5f84884a76,diurnal.accountant,available,23.59,23.59,medium,low,7,namesilo,,,14/08/2026 13:34
d99859dc-ef30-41da-ba40-29e5e47cd104,tell.accountant,premium,437.5,,high,low,4,name.com,,,
c7f0e689-956e-4ae0-8430-4083a847cb74,thankful.accountant,premium,640,77.35,high,low,8,namesilo,,,24/09/2026 22:54
45119704-790d-42f6-a399-00bb57a4eb0f,baccarat.accountant,premium,448,53.92,high,low,8,namesilo,,,21/09/2026 13:56
47e0d87e-3b58-422d-a953-72b4ebaa8231,buffer.accountant,premium,437.5,,high,low,6,name.com,,,
7fa7f532-a918-44e2-930c-600f9d313dd5,sisal.accountant,premium,448,53.92,medium,low,5,namesilo,,,17/09/2026 16:39
c64aa096-0204-4652-8692-02807ba9c0d1,mindless.accountant,premium,437.5,62.5,medium,low,8,name.com,,,07/08/2026 02:48
bf8cbf07-ec37-4802-a9d9-8da39411789c,westwards.accountant,available,23.59,23.59,medium,low,9,namesilo,,,13/09/2026 11:02
a85a0c63-3043-4ee1-ba34-8b3c099356bb,uruguayan.accountant,available,23.59,23.59,high,low,9,namesilo,,,12/09/2026 23:55
0d49b9b1-624e-40dc-9bf3-fda100538768,negligent.accountant,premium,640,77.35,medium,low,9,namesilo,,,03/09/2026 15:07
b179ca0e-b5d9-40d9-a5f7-c1b86f349d60,arizonan.accountant,available,23.59,23.59,medium,low,8,namesilo,,,20/09/2026 06:05
3057b622-eeea-4623-8bfd-9f32cc50f2d8,azonal.accountant,available,23.59,23.59,medium,low,6,namesilo,,,08/08/2026 02:27
39e359fb-39d9-4ed3-8902-8edf92931f56,refulgent.accountant,available,23.59,23.59,medium,low,9,namesilo,,,15/08/2026 16:26
2bcd1ac2-546d-4af4-a03c-7d77142a20e1,unbent.accountant,available,23.59,23.59,medium,low,6,namesilo,,,12/09/2026 01:50
b696b696-227b-48b9-8698-dd8629b4a0a9,constraints.accountant,available,23.59,23.59,low,low,11,namesilo,,,20/09/2026 23:49
87ebb4be-9fc6-4caf-91e7-89c35b387b60,ventolin.accountant,premium,448,53.92,medium,low,8,namesilo,,,18/09/2026 03:33
3130cd45-e9de-46f8-a69a-a5cbf9a53358,ballup.accountant,premium,448,53.92,medium,low,6,namesilo,,,21/09/2026 23:27
076346cc-7b26-42f5-9ecc-368a964e9d9f,hardin.accountant,premium,640,77.35,medium,low,6,namesilo,,,28/09/2026 04:15
443355ba-0a2a-4635-8d61-33f82535fa6c,fontenoy.accountant,available,23.59,23.59,medium,low,8,namesilo,,,22/09/2026 15:04
0f6b333e-0ff1-4d2f-9f6d-9eaec43b5582,fool.accountant,premium,437.5,62.5,medium,low,4,name.com,,,12/08/2026 15:15
b9f29dc7-ce43-4097-b9f6-d1952370ec1d,nosocomial.accountant,available,23.59,23.59,low,low,10,namesilo,,,03/09/2026 21:56
c58d1b54-22ae-4bc7-bb31-fc909593c877,pacemaker.accountant,premium,448,53.92,high,low,9,namesilo,,,20/09/2026 11:42
0ec1a4ce-49ec-4647-9e35-509e3404c40d,appreciation.accountant,premium,625,,high,low,12,name.com,,,
f176ebaa-7e2e-47da-8be1-541de0a25b5d,polar.accountant,premium,437.5,62.5,high,low,5,name.com,,,18/08/2026 21:06
f4826d06-e48d-42b3-887e-654ced9ed28b,petitioner.accountant,available,23.59,23.59,medium,low,10,namesilo,,,11/09/2026 03:30
b8205210-1c47-4699-b00b-33a992d4da87,lying.accountant,available,23.59,23.59,high,low,5,namesilo,,,
2c923d09-0508-4d3b-9b8b-6f4a33827bf3,delayed.accountant,available,23.59,23.59,medium,low,7,namesilo,,,24/09/2026 05:13
efe9d2a1-f595-480f-9103-7ca5f7af1fa7,pussy.accountant,available,23.59,23.59,high,medium,5,namesilo,,,27/09/2026 08:37
f0b6d568-7907-4973-a272-60d192ea7aee,forego.accountant,premium,437.5,62.5,high,low,6,name.com,,,18/08/2026 11:52
174f64f7-b723-4e1f-8f0c-94bb542bf598,blotto.accountant,available,23.59,23.59,low,low,6,namesilo,,,09/08/2026 15:32
d3986cbd-9713-4134-a57a-08a762682dd6,rankin.accountant,premium,640,77.35,high,low,6,namesilo,,,27/09/2026 04:34
e66aef35-948d-4e2d-bd03-6dbfe7c507d0,claims.accountant,premium,650,84.5,high,low,6,namecheap,,,25/09/2026 20:29
e34c989a-6c39-469c-ac71-2db52da9361e,compliance.accountant,premium,650,84.5,high,low,10,namecheap,,,23/09/2026 15:36
c7e3ec15-ac21-4bf1-9cb3-aace46978fb8,mistrust.accountant,available,23.59,23.59,high,low,8,namesilo,,,24/09/2026 23:12
f81b3719-5cad-443a-897f-b6af39a62ac5,pummel.accountant,premium,448,53.92,medium,low,6,namesilo,,,23/09/2026 13:52
a2783c2d-a6d1-4db1-922a-90c0712a492c,simpler.accountant,premium,437.5,,high,low,7,name.com,,,
0ef564db-6745-4c6c-93d4-39ea389563b2,moresque.accountant,available,23.59,23.59,medium,low,8,namesilo,,,25/08/2026 06:01
8d9146cb-f96e-45ca-8bf2-619f3e85a4aa,impacted.accountant,available,25.98,31.98,medium,low,8,namecheap,,,21/08/2026 21:36
d3511223-1547-4cc5-8959-6d294c644b06,czechoslovak.accountant,available,23.59,23.59,medium,low,12,namesilo,,,26/09/2026 03:18
6c8c59cd-ded7-477c-abb8-fe0bcc05c977,tirelessly.accountant,available,23.59,23.59,high,low,10,namesilo,,,15/09/2026 07:50
d53cdeca-ff84-4130-b343-46d548494a4c,prismatic.accountant,premium,448,53.92,high,low,9,namesilo,,,09/09/2026 02:09
5dea1ce6-a4db-4bdf-b87e-2526be49760a,funded.accountant,premium,437.5,62.5,high,low,6,name.com,,,18/08/2026 18:23
e368578f-6aa8-47f7-8197-91c9b9efecc0,bph.accountant,premium,640,77.35,high,low,3,namesilo,,,23/09/2026 08:07
5d388112-dcd7-433e-a925-feced4af4266,dangerous.accountant,premium,125,37.99,medium,low,9,name.com,,,13/08/2026 17:15
e67dc6e4-afa9-4644-bd57-8d46ba786047,investigator.accountant,premium,,,high,low,12,,,,28/09/2026 03:35
d25bd8bf-1729-40e6-bf39-a8751abb0556,steadily.accountant,available,23.59,23.59,medium,low,8,namesilo,,,10/09/2026 19:32
8faf9e98-4b8a-48c6-a0d9-966e62620688,anasazi.accountant,premium,448,53.92,medium,low,7,namesilo,,,19/09/2026 03:16
37ee8248-30a8-400a-9e1f-bd9fc45bbdea,aquatics.accountant,premium,448,53.92,high,low,8,namesilo,,,19/09/2026 23:08
88491ab1-ec8f-4cb5-b35c-2b936ae6a7ee,roofed.accountant,available,23.59,23.59,high,medium,6,namesilo,,,09/09/2026 18:33
572bcbde-e0b4-4e87-8b99-919848aae73b,aconite.accountant,available,23.59,23.59,medium,low,7,namesilo,,,17/09/2026 02:05
224ce8e0-1a1d-4c5e-ae11-80e7781354c0,barker.accountant,premium,116,29.5,high,low,6,namesilo,,,22/09/2026 06:27
76853280-131d-49f0-9237-894f12f84d68,hither.accountant,available,23.59,23.59,medium,low,6,namesilo,,,15/09/2026 00:48
d17f323b-3b15-4835-8308-c437f8f77074,magdalena.accountant,premium,640,77.35,high,low,9,namesilo,,,28/09/2026 02:17
fb10c180-a50b-49e9-b4fc-d6cd65a80cfa,adorer.accountant,available,23.59,23.59,high,low,6,namesilo,,,17/09/2026 09:45
abd6565e-ffa3-4917-9b00-5d35b1e787ca,knowledgeable.accountant,available,23.59,23.59,high,low,13,namesilo,,,25/09/2026 05:42
a25a578a-6895-4b42-a17c-4e0527f06c7a,lucifer.accountant,premium,448,53.92,high,low,7,namesilo,,,23/09/2026 01:23
b9b98084-5b61-4318-9da8-7bf9014568e9,stuffer.accountant,available,23.59,23.59,medium,low,7,namesilo,,,19/09/2026 08:48
3e4d3d30-a966-4003-8fe5-e8c33d79ebec,seward.accountant,premium,650,84.5,high,low,6,namecheap,,,28/09/2026 03:05
571c1f3f-c4cd-4ef3-85b7-e54950818b7b,embarrassing.accountant,available,25.98,31.98,high,low,12,namecheap,,,27/09/2026 06:37
353ec603-6c62-4f4a-82b2-356766288b81,illusional.accountant,available,25.98,31.98,medium,low,10,namecheap,,,21/08/2026 20:11
bfc45549-562f-4adc-ae31-836f9135e9b9,rafts.accountant,premium,448,53.92,high,low,5,namesilo,,,14/09/2026 23:26
254ebb4e-0f70-4e6d-82ef-e1c635a701b0,gracie.accountant,premium,448,53.92,high,low,6,namesilo,,,18/09/2026 10:48
765ca8f2-0784-4506-8fa2-e81e4389dcfa,surf.accountant,premium,640,77.35,high,low,4,namesilo,,,24/09/2026 08:25
580abf38-e332-4c4e-b784-0e1b39757e60,dauntless.accountant,premium,448,53.92,high,low,9,namesilo,,,22/09/2026 12:12
5a24652a-dce2-49bc-8218-084886df8455,networks.accountant,premium,640,77.35,high,low,8,namesilo,,,19/09/2026 17:41
6134f2af-5bd6-4dae-86dc-a92a2a791924,soppy.accountant,available,23.59,23.59,medium,low,5,namesilo,,,09/08/2026 01:14
46a04787-8e65-4fc7-9656-688b43adc6fc,scouts.accountant,available,25.98,31.98,high,low,6,namecheap,,,28/09/2026 04:05
85e156e8-ea54-4997-9e49-7d772d3752a8,livelong.accountant,premium,437.5,62.5,high,low,8,name.com,,,24/08/2026 07:57
5beb2da3-81a5-4499-92a3-7d15a22f0271,pointed.accountant,available,23.59,23.59,high,low,7,namesilo,,,08/09/2026 22:36
ec401e8c-ae2f-4ff3-a23b-8843e93b2887,strontium.accountant,available,23.59,23.59,medium,low,9,namesilo,,,20/09/2026 22:59
8ba5d20a-d971-4bb1-918a-c5802f28d4c3,grams.accountant,available,23.59,23.59,high,low,5,namesilo,,,18/09/2026 05:03
12c2bd2e-ccb6-41f4-9f9f-db860c7edcd2,quarterly.accountant,available,23.59,23.59,high,low,9,namesilo,,,09/09/2026 07:37
d46cb808-8d5d-4e19-90ef-6433ae71cefc,willard.accountant,premium,640,77.35,medium,low,7,namesilo,,,25/09/2026 05:33
894703b4-770e-4a78-bc3d-bad4042f1ffb,milliliter.accountant,available,23.59,23.59,medium,low,10,namesilo,,,11/08/2026 22:53
b91c65f4-5f7b-4bd0-bbcd-6c4610f89dbd,somewhere.accountant,premium,437.5,62.5,high,low,9,name.com,,,16/09/2026 04:14
fbf0d81c-3329-4090-b27e-febb4b6ecd10,potty.accountant,available,25.98,31.98,high,low,5,namecheap,,,16/08/2026 21:14
e03c0357-1077-4a17-9bb5-05b4805e8b87,abscess.accountant,available,25.98,31.98,medium,low,7,namecheap,,,16/09/2026 17:31
13fdbed3-f04f-4ce0-8af9-0625ebc6b7a7,dished.accountant,available,23.59,23.59,medium,low,6,namesilo,,,14/08/2026 10:52
b9ab9e7d-a447-4ddd-9099-17bc70d2c192,amylum.accountant,available,23.59,23.59,medium,low,6,namesilo,,,19/09/2026 00:32
f39838f6-020b-4795-82c7-6800e520f6bb,basiliscus.accountant,available,23.59,23.59,medium,low,10,namesilo,,,22/09/2026 10:53
cf593266-4c60-48a1-9521-4619389011ef,copycat.accountant,premium,455,65,high,low,7,namecheap,,,19/09/2026 16:27
c2c380ca-eb1e-46af-b924-c2e82a7af6ff,afford.accountant,premium,448,53.92,high,low,6,namesilo,,,25/09/2026 11:07
2473fde9-a7da-4803-94a2-d1dca73378a0,unbranded.accountant,available,23.59,23.59,medium,low,9,namesilo,,,12/09/2026 04:29
0b183b81-a66f-4066-a502-d3e8ac2ed878,engage.accountant,premium,437.5,,high,low,6,name.com,,,
925794cb-d237-4377-a9cc-9ec54101309b,using.accountant,premium,437.5,,high,low,5,name.com,,,
9f7daa45-7e9e-4eb4-9278-a2583ed30b8c,disabling.accountant,available,23.59,23.59,medium,low,9,namesilo,,,13/08/2026 07:09
f469fc55-d82c-4149-b823-35738140c763,utmost.accountant,available,23.59,23.59,high,low,6,namesilo,,,24/09/2026 17:09
4061368f-0729-45be-9296-16bed205baf4,indiana.accountant,available,,,high,low,7,,,,
4989a5e3-d129-439f-8f05-793c2625b33a,cerium.accountant,available,23.59,23.59,medium,low,6,namesilo,,,14/09/2026 06:07
bfa9fff6-cce2-4584-a3c1-b2fe58484f5d,inbred.accountant,available,23.59,23.59,medium,low,6,namesilo,,,22/08/2026 00:42
26b86382-c654-4a9c-bbda-1e3ccbae3294,josiah.accountant,available,23.59,23.59,medium,low,6,namesilo,,,27/09/2026 01:34
730b4793-b85f-44d7-9827-cde59ca12e8d,gouty.accountant,available,25.98,31.98,medium,low,5,namecheap,,,20/08/2026 17:18
4a5f5b23-4b8f-4f7a-a9c4-79a110fa1f43,distinction.accountant,premium,437.5,,high,low,11,name.com,,,
b3529ed2-3411-42a3-9d76-d860bafbd183,panicked.accountant,available,23.59,23.59,medium,low,8,namesilo,,,05/09/2026 00:57
a9c26c89-d1bb-4700-9c0c-0aad676cf11d,broth.accountant,available,23.59,23.59,high,low,5,namesilo,,,24/09/2026 10:49
fff2f015-04d2-41be-961e-b5038dcf5ac2,counts.accountant,premium,650,84.5,high,low,6,namecheap,,,18/09/2026 18:14
ac83083b-f6b9-4364-9caf-7f146d9c4c38,bearer.accountant,available,25.98,31.98,high,low,6,namecheap,,,22/09/2026 21:14
0b9d44cd-09b6-467e-ae74-59040f9dc317,soddy.accountant,available,25.98,31.98,medium,low,5,namecheap,,,17/09/2026 09:26
bf2c2d07-3dba-4b3f-997a-5a32218212a3,brotherhood.accountant,premium,437.5,,high,low,11,name.com,,,
8d014881-c649-44ca-ac5d-a9984e8696e2,subsurface.accountant,premium,448,53.92,high,low,10,namesilo,,,11/09/2026 00:52
2ad41ac7-21c0-4109-9386-2bb56dafa385,tokens.accountant,premium,650,84.5,high,medium,6,namecheap,,,19/09/2026 22:34
9ba6a43f-df68-42c9-a41f-7a1c89ef4ea4,mimic.accountant,premium,437.5,62.5,high,low,5,name.com,,,24/08/2026 23:29
f7452b6e-0f01-4169-a797-6276391db56b,unveiled.accountant,premium,448,53.92,high,low,8,namesilo,,,12/09/2026 22:05
dd1028f0-3fa4-42e8-af35-f7a124381708,scoop.accountant,premium,448,53.92,high,low,5,namesilo,,,19/09/2026 16:31
1e332ffa-428d-4802-8e6c-6cd0857fe022,abrasive.accountant,premium,437.5,62.5,high,low,8,name.com,,,
cf4fa0a6-ef40-4c9c-a8f9-8715ca162da8,bauxite.accountant,premium,640,77.35,medium,low,7,namesilo,,,22/09/2026 16:42
f751f6b2-afdd-4aa7-aafc-1c729f78729f,disastrous.accountant,available,23.59,23.59,medium,low,10,namesilo,,,11/08/2026 13:30
68d44746-4d67-41df-9ace-cf0c76fc4568,save.accountant,premium,437.5,,high,low,4,name.com,,,28/09/2026 00:11
0b13c31c-d844-4509-b152-da47e3f7278f,sweeping.accountant,premium,448,53.92,high,low,8,namesilo,,,11/09/2026 05:31
f57f75ba-d79a-49db-8a0d-2378400b1892,maximizing.accountant,available,25.98,31.98,high,low,10,namecheap,,,24/08/2026 17:56
8da8e2eb-c3f6-4149-a6d8-b8fac66cd03d,inner.accountant,available,23.59,23.59,high,low,5,namesilo,,,22/08/2026 05:54
02469e0d-e80a-4ffc-a796-2291a2eee750,hydrous.accountant,available,23.59,23.59,medium,low,7,namesilo,,,21/08/2026 16:14
b0ec13b0-1fb1-43f7-ad47-ee93721a83e5,invincible.accountant,premium,455,65,high,low,10,namecheap,,,25/09/2026 11:10
62669c5d-0cd1-4d47-9dda-995165dcdc2d,serenely.accountant,available,23.59,23.59,medium,low,8,namesilo,,,16/09/2026 01:06
89204121-b541-4449-9d81-6373ecec8a7c,abatic.accountant,available,23.59,23.59,medium,low,6,namesilo,,,
f3d51360-08ec-40a7-bc03-14bf298cb8ca,areola.accountant,available,23.59,23.59,medium,low,6,namesilo,,,20/09/2026 03:49
e1fa4c5a-5233-4ae4-98fc-a60260655b78,athelstan.accountant,available,25.98,31.98,medium,low,9,namecheap,,,20/09/2026 20:33
4ba7890d-0eea-4601-80d7-79ee1dbbdc2e,tub.accountant,premium,625,,high,low,3,name.com,,,
0b505453-35be-4dce-b83d-b32466654457,owing.accountant,available,23.59,23.59,medium,low,5,namesilo,,,
0765ada6-ef7e-451e-9c5d-802a2ae0383f,sulfuric.accountant,available,23.59,23.59,medium,low,8,namesilo,,,11/09/2026 01:29
275d97ef-3a5a-40ee-ad26-a888524d0d75,calced.accountant,available,23.59,23.59,medium,low,6,namesilo,,,11/08/2026 13:41
061803db-2612-4aa1-bc58-f7a5a8a50f07,acerate.accountant,available,23.59,23.59,medium,low,7,namesilo,,,
8dadc690-12da-4fe2-9ff7-3e1b898b793d,libber.accountant,available,23.59,23.59,medium,low,6,namesilo,,,18/08/2026 01:03
b08525db-6134-41f0-a528-46b3e30cf563,dyslexic.accountant,premium,437.5,62.5,medium,low,8,name.com,,,14/08/2026 22:03
53433526-76d5-4430-a70d-e4885d870665,biosphere.accountant,premium,455,65,high,low,9,namecheap,,,23/09/2026 19:04
45da3247-c3c0-4874-a8a2-36fb9e08332b,southward.accountant,available,23.59,23.59,high,medium,9,namesilo,,,10/09/2026 14:49
d7217ccf-4d9b-4573-8f73-d61e84903a42,ablation.accountant,available,25.98,31.98,medium,low,8,namecheap,,,16/09/2026 16:05
fbae954e-a628-4dd3-94d6-9a2a715029e4,incapable.accountant,available,23.59,23.59,medium,low,9,namesilo,,,22/08/2026 00:49
9cffbb7a-63b0-4922-9bee-eb5f6e8f87fe,maybe.accountant,premium,437.5,,high,low,5,name.com,,,
13c4f0a4-76ed-4088-b0bc-eb97483791c2,perinatal.accountant,premium,448,53.92,medium,low,9,namesilo,,,08/09/2026 17:07
eef657d1-fe31-413d-85f3-1336da7b00b6,poolside.accountant,premium,437.5,,high,low,8,name.com,,,
5ba0a5cc-9edf-4e12-80f9-465b8b53c39c,soap.accountant,premium,437.5,,high,low,4,name.com,,,
fe467ac3-77ff-4379-bb81-b9ec93fe887f,usa.accountant,available,,,high,medium,3,,,,
b270a77e-963a-40b5-8a2a-e9bae56a8a6d,moosewood.accountant,premium,448,53.92,medium,low,9,namesilo,,,16/09/2026 23:36
b777aed5-8cb5-4eb6-9862-fdb6569a336d,opposition.accountant,premium,448,53.92,high,low,10,namesilo,,,04/09/2026 16:40
45f7ac54-7691-422a-a5ef-381b000b125c,replete.accountant,premium,448,53.92,high,low,7,namesilo,,,09/09/2026 14:32
3fe2e4b5-fcbd-4891-9179-870765e559f9,innovator.accountant,premium,362.45,51.95,high,low,9,spaceship,,,28/09/2026 02:49
649e28c1-2956-44db-a0f2-d652626f3542,cling.accountant,premium,455,65,high,low,5,namecheap,,,24/09/2026 15:42
135e921a-a0d7-4e69-a656-3a6155df6d2d,indicative.accountant,premium,437.5,62.5,medium,low,10,name.com,,,13/08/2026 21:42
e5c79ad5-dea0-4cc5-9b62-12402d126dab,chalmers.accountant,premium,640,77.35,medium,low,8,namesilo,,,27/09/2026 20:38
2424e9d2-1425-4aa5-98db-693eac649173,ballyhoo.accountant,premium,448,53.92,high,low,8,namesilo,,,21/09/2026 23:32
9ff96c24-58d5-4c5b-bdfa-bae81d373b81,font.accountant,premium,448,53.92,high,low,4,namesilo,,,22/09/2026 03:31
cf8eaedc-31e2-463e-aefa-4b32eae17f2e,lag.accountant,premium,640,77.35,high,low,3,namesilo,,,25/09/2026 10:16
60271718-e513-4de8-8e4d-05fee5644032,oldfield.accountant,available,25.98,31.98,medium,low,8,namecheap,,,22/09/2026 06:52
2f93918f-0206-49ae-a33a-74564248394b,appetite.accountant,premium,455,65,high,low,8,namecheap,,,19/09/2026 20:41
b4bd1ecb-ccce-4583-8a35-7e5a64045757,inevitable.accountant,premium,455,65,high,low,10,namecheap,,,25/09/2026 09:24
4a6f4f62-57fa-4a95-96e8-f1a5c1123626,fizzle.accountant,premium,437.5,62.5,medium,low,6,name.com,,,11/08/2026 11:19
8d1228e6-ed2e-4567-aa13-155c5a0ffef1,peaceful.accountant,available,23.59,23.59,high,low,8,namesilo,,,27/09/2026 03:13
5c00dc33-268d-45b1-a7ba-ad50125b6c4d,humic.accountant,available,23.59,23.59,medium,low,5,namesilo,,,21/08/2026 15:14
1873f69f-952a-4059-9460-277cb1d48a08,puffy.accountant,premium,437.5,62.5,high,low,5,name.com,,,10/08/2026 21:34
1082fae4-ae44-46da-bad7-5c41dc1f77dc,biennial.accountant,available,25.98,31.98,high,low,8,namecheap,,,09/08/2026 19:52
cfe04e50-8b0d-4404-863e-ced68a8ba7c8,attack.accountant,premium,640,77.35,high,low,6,namesilo,,,23/09/2026 17:14
9c418e2f-a80b-49d7-a193-ab0a5802860b,unfunded.accountant,available,23.59,23.59,medium,low,8,namesilo,,,12/09/2026 11:04
8c137f48-2ce0-4797-8bb0-7d66b5cd96c1,guggenheim.accountant,premium,448,53.92,medium,low,10,namesilo,,,27/09/2026 04:18
85b5192c-bcc3-485f-a35b-063898b1a918,wire.accountant,premium,437.5,,high,low,4,name.com,,,
e4567d41-9a31-4714-aad2-fc31b726d640,potted.accountant,available,23.59,23.59,high,medium,6,namesilo,,,09/09/2026 00:50
99fd3725-e941-44d8-8a4c-3651320e424d,vanderbilt.accountant,premium,640,77.35,high,low,10,namesilo,,,25/09/2026 04:24
b59b9860-b956-428e-a8d5-7636667eaa64,ramp.accountant,premium,448,53.92,high,low,4,namesilo,,,18/09/2026 11:33
586216c8-b43d-4f85-aa63-56a55837afc3,atomiser.accountant,available,23.59,23.59,medium,low,8,namesilo,,,21/09/2026 00:19
d5c57e4d-1286-4c79-85f1-9196d94c0ed2,candidly.accountant,available,23.59,23.59,high,low,8,namesilo,,,14/09/2026 05:06
385ebf22-9d77-48cd-872a-948b7f6a4544,ascetic.accountant,available,23.59,23.59,medium,low,7,namesilo,,,07/08/2026 00:56
e92b1140-7111-4c78-b6d8-1aa707026185,funds.accountant,premium,625,,high,low,5,name.com,,,
e2896c9c-674f-434d-a831-0810f9ffb2b2,furnishing.accountant,available,25.98,31.98,high,low,10,namecheap,,,28/09/2026 02:47
78e35fd2-c2e7-4c11-85d0-a1a587a12743,pout.accountant,premium,455,65,medium,low,4,namecheap,,,18/09/2026 18:12
b73cecac-1a55-44f6-8286-e59e72f88b66,distantly.accountant,available,23.59,23.59,medium,low,9,namesilo,,,14/09/2026 13:17
2ff8d629-d1f4-4c18-aa06-6de5d7ada682,buried.accountant,available,23.59,23.59,medium,low,6,namesilo,,,23/09/2026 11:29
0f7dd80e-248e-486a-bfa0-cec18cc5e8b6,sherwood.accountant,premium,650,84.5,high,low,8,namecheap,,,25/09/2026 10:26
a8f9d7fd-14f7-4cdd-9de3-2a8f1d3bc423,coolly.accountant,available,23.59,23.59,medium,low,6,namesilo,,,
e68f4598-5b64-4eb7-9d78-be495c6b9137,frenzied.accountant,available,23.59,23.59,medium,low,8,namesilo,,,18/08/2026 14:21
f548e145-d948-48b7-a2cf-225083048748,nearly.accountant,premium,625,,high,low,6,name.com,,,
d402d85d-b3d1-4639-808d-8b7c5e5f8d22,starting.accountant,premium,517.7,67.48,high,low,8,spaceship,,,28/09/2026 00:44
c09125de-d878-4984-ada8-45d5b6669c48,externally.accountant,available,23.59,23.59,medium,low,10,namesilo,,,14/09/2026 17:11
a0ad4a2f-69bb-4c67-8720-c45ff08ad6a8,hermann.accountant,premium,650,84.5,high,low,7,namecheap,,,20/09/2026 07:11
b7deec9a-ef3a-4f6d-a1a4-2fb83504e594,recusant.accountant,available,23.59,23.59,medium,low,8,namesilo,,,14/08/2026 12:28
3c92b671-f3cd-46b6-8530-5dbd2d4f2277,bus.accountant,premium,625,,high,low,3,name.com,,,
0a5df75b-ea6a-48b5-bd81-0e0e40835003,curtis.accountant,premium,650,84.5,high,low,6,namecheap,,,25/09/2026 04:28
35b393bd-b8f9-45bb-8585-0f6a60d1a957,established.accountant,premium,625,,high,low,11,name.com,,,
805a261b-9158-46fe-88e3-be26778defee,marion.accountant,premium,650,84.5,high,low,6,namecheap,,,25/09/2026 14:37
7cd6adff-74a7-415d-84e3-4242e915873c,abundance.accountant,premium,455,65,high,low,9,namecheap,,,16/09/2026 19:01
72e4daa4-ae38-4fb1-bc2e-46a34e8e8055,prissily.accountant,available,25.98,31.98,low,low,8,namecheap,,,15/09/2026 21:29
361dbd6a-521c-423e-9f8b-46041ed9b314,leak.accountant,available,23.59,23.59,high,low,4,namesilo,,,
374aa93b-e1d9-465a-9784-7ad7f76211d5,ruttish.accountant,available,23.59,23.59,medium,low,7,namesilo,,,21/08/2026 14:10
cc4eae20-a3fb-46c3-b8bf-d02901169434,demonstrates.accountant,available,25.98,31.98,medium,low,12,namecheap,,,20/09/2026 23:55
e7218dff-7bd3-4adb-86bf-f8b95fff3ae9,palpitant.accountant,available,23.59,23.59,medium,low,9,namesilo,,,05/09/2026 00:17
42006400-5820-40c5-b17d-11ddb90e47d8,knowable.accountant,available,23.59,23.59,medium,low,8,namesilo,,,12/08/2026 15:50
c95570be-07f4-478c-8e0b-66cbfc1f99b9,polo.accountant,available,,,high,high,4,,,,
2916ebf5-b874-413e-abf6-84e3503323f2,boisterous.accountant,available,23.59,23.59,medium,low,10,namesilo,,,10/08/2026 17:38
b420b7df-c542-4b73-89aa-de1f1a615462,immediately.accountant,premium,640,77.35,high,low,11,namesilo,,,27/09/2026 06:22
beb8f317-8ba9-4839-abbd-8f8d68608a74,waiting.accountant,premium,650,84.5,high,low,7,namecheap,,,27/09/2026 10:28
eaf1c2bc-f329-499a-80f2-39d706f5d049,gelid.accountant,available,25.98,31.98,medium,low,5,namecheap,,,18/08/2026 21:05
152319d8-cdb3-480b-bebc-5e6118d83632,reaching.accountant,available,23.59,23.59,high,low,8,namesilo,,,20/09/2026 09:16
c68aa77e-53e5-457f-a01f-585f23d09b3d,nutriment.accountant,premium,448,53.92,medium,low,9,namesilo,,,18/09/2026 07:52
4a433238-65eb-4dfb-b490-68f72e347fe7,populate.accountant,premium,437.5,62.5,high,low,8,name.com,,,24/08/2026 07:48
96762366-eda9-422c-93c8-b6d730e36979,beetroot.accountant,available,25.98,31.98,high,low,8,namecheap,,,23/09/2026 01:58
b24b19c9-8b6d-403a-b1c6-ae59d7933a6e,twee.accountant,premium,437.5,62.5,medium,low,4,name.com,,,13/08/2026 15:49
4c399d83-11d2-4147-9e35-a11cd9993554,ammine.accountant,available,23.59,23.59,medium,low,6,namesilo,,,18/09/2026 22:03
be841c1c-8c09-4ab4-8cf1-74bd749bff38,chelate.accountant,available,23.59,23.59,medium,low,7,namesilo,,,12/08/2026 04:03
7a593fef-a7c8-4da1-91a2-958c76941c5a,overpriced.accountant,available,25.98,31.98,medium,low,10,namecheap,,,04/09/2026 21:26
66c64433-543f-45de-9f6c-c520c3552864,saponified.accountant,available,25.98,31.98,high,medium,10,namecheap,,,09/09/2026 21:21
b3c655c1-a0fc-4228-b76a-1ac92d46d571,anytime.accountant,premium,437.5,,high,low,7,name.com,,,
2645aa38-4c0d-4410-8e14-eeda5309b2c3,benzoin.accountant,available,25.98,31.98,medium,low,7,namecheap,,,20/09/2026 12:33
0adbb9da-cc36-44ee-a6f5-ad81d0b40dd8,malformed.accountant,available,23.59,23.59,medium,low,9,namesilo,,,13/08/2026 23:43
1eb0231a-467b-46ca-995a-916c96735735,ebony.accountant,premium,437.5,62.5,high,low,5,name.com,,,14/08/2026 23:09
2bd8da5c-e923-4046-9bbc-3e372eaf234f,stilted.accountant,available,23.59,23.59,medium,low,7,namesilo,,,10/09/2026 20:37
aab28b09-d41e-429f-8751-ae5e37bcccf7,glibly.accountant,available,25.98,31.98,medium,low,6,namecheap,,,14/09/2026 21:34
3017ed8e-8b79-46aa-be17-00972dc7dad5,curt.accountant,premium,437.5,62.5,medium,low,4,name.com,,,11/08/2026 07:05
6e8d93be-326d-4247-b9ba-b60510b23248,bertolucci.accountant,available,23.59,23.59,medium,low,10,namesilo,,,23/09/2026 09:50
9f2aa68f-abb9-48dd-be54-cf072b22d2db,sickish.accountant,available,23.59,23.59,low,low,7,namesilo,,,03/09/2026 14:05
e2a59e28-a41a-4e3f-948b-54b3c6e83559,montrose.accountant,premium,650,84.5,medium,low,8,namecheap,,,28/09/2026 04:14
4abf4ef5-e817-4382-968b-999e6e52ba4f,nourished.accountant,available,23.59,23.59,high,low,9,namesilo,,,03/09/2026 22:12
79587f99-f074-4183-b299-8853b849f807,gayal.accountant,available,25.98,31.98,medium,low,5,namecheap,,,23/09/2026 13:03
4ca4e571-ecc2-4b61-9d40-714e762a30d4,khomeini.accountant,available,23.59,23.59,medium,low,8,namesilo,,,21/09/2026 10:36
afaa04a4-2af4-4304-bd2d-75fb9c171962,underwater.accountant,available,25.98,31.98,medium,low,11,namecheap,,,16/09/2026 17:58
09b2dce1-76d3-4d7e-9bf4-768afa15a487,dump.accountant,available,23.59,23.59,high,low,4,namesilo,,,25/09/2026 05:01
5abdc198-5fee-4c17-a1af-cb76412e3adc,eligible.accountant,available,23.59,23.59,high,low,8,namesilo,,,16/08/2026 04:35
5abb94ae-0d70-480a-9ed6-afb0cd850b3c,unsparing.accountant,available,25.98,31.98,high,low,9,namecheap,,,22/08/2026 21:11
8a8e09fc-7696-42c4-ad8d-1e6c6a4aec6a,dreamed.accountant,available,20.88,20.88,medium,low,7,spaceship,,,27/09/2026 21:44
8c7ea8b8-5789-4829-b995-fd4887c5138f,jillion.accountant,premium,455,65,medium,low,7,namecheap,,,11/09/2026 19:52
0d9beccb-36fb-40b7-ac80-fb733b2de7d8,chairwoman.accountant,available,23.59,23.59,high,low,10,namesilo,,,
b923abb1-2503-4330-a42e-47c8020d15b6,hawkish.accountant,available,23.59,23.59,medium,low,7,namesilo,,,21/08/2026 01:38
aee3c6e6-8221-41cc-867e-c2099578809c,badge.accountant,premium,448,53.92,high,low,5,namesilo,,,19/09/2026 15:56
c61bf0cf-ceb1-441e-944f-95f953ffad75,stalked.accountant,available,23.59,23.59,medium,low,7,namesilo,,,08/09/2026 13:33
61da9253-5ab3-45af-a655-2ed44b6812c4,costly.accountant,available,23.59,23.59,high,low,6,namesilo,,,24/09/2026 00:19
8c93627c-87c5-484b-83cd-d2b2bf128f0e,delicacy.accountant,premium,437.5,62.5,high,low,8,name.com,,,13/08/2026 15:51
1f863e2e-668a-4681-a083-d704de86fbf1,thrown.accountant,available,23.59,23.59,medium,low,6,namesilo,,,
d61948b6-9590-4b7b-b950-f1335b86f99a,plum.accountant,premium,625,81.25,high,medium,4,name.com,,,12/08/2026 10:07
b0b3d094-4ca5-43e2-9737-92df860406fa,endwise.accountant,premium,448,53.92,medium,low,7,namesilo,,,14/09/2026 15:37
4f914df6-c99f-46cf-bfeb-e877b77d391c,tricksy.accountant,available,23.59,23.59,medium,low,7,namesilo,,,13/08/2026 04:36
16c71a16-a445-4ab4-a57c-3933d915504a,snapchat.accountant,premium,437.5,,high,low,8,name.com,,,
2e5301e1-1b5f-496e-9fa6-6a82c5e35843,adust.accountant,available,23.59,23.59,medium,low,5,namesilo,,,
c417192f-9376-4892-9566-1a03b80846e5,conserve.accountant,premium,448,53.92,high,low,8,namesilo,,,24/09/2026 17:27
d32e5c74-0620-46d8-ac8b-9147ea68e9e3,vassal.accountant,available,23.59,23.59,medium,low,6,namesilo,,,18/08/2026 03:02
475d53c9-f71a-43fc-ac45-a1e94f6d653f,consumable.accountant,available,23.59,23.59,high,low,10,namesilo,,,12/08/2026 23:04
d947d31c-bdf9-43e9-9489-da74a8446c2d,bounden.accountant,available,23.59,23.59,medium,low,7,namesilo,,,10/08/2026 21:56
23425062-5d11-4806-89bf-4a727373b79b,premedical.accountant,available,23.59,23.59,high,medium,10,namesilo,,,09/09/2026 01:40
f4efb8e4-9ffc-411f-98a6-cb05f39c3287,perverted.accountant,available,23.59,23.59,medium,low,9,namesilo,,,14/08/2026 02:36
0bdb8180-a8f6-453b-91df-5417b7afca5b,gift.accountant,premium,640,77.35,high,low,4,namesilo,,,24/09/2026 22:20
793c6194-5a07-4fab-9e69-60b06251d01d,bullets.accountant,premium,455,65,high,low,7,namecheap,,,25/09/2026 19:55
e3859727-a2c7-4c79-a9c3-cfd6696fdeb6,freeway.accountant,premium,437.5,,high,low,7,name.com,,,
75b7e26f-11dd-400b-b37c-edc931eb4f1b,faddish.accountant,available,25.98,31.98,medium,low,7,namecheap,,,17/08/2026 20:33
68647ba6-b57f-4661-ba3a-1380267e1330,affixal.accountant,available,23.59,23.59,medium,low,7,namesilo,,,
2bdefc24-9338-4beb-9db9-d7696ba14559,tasty.accountant,premium,448,53.92,high,low,5,namesilo,,,11/09/2026 09:04
d4842e0c-ae16-4ba2-8922-c97a90888561,poultry.accountant,available,23.59,23.59,high,low,7,namesilo,,,24/09/2026 23:24
1856a782-6be6-48be-b970-591a77e782be,winner.accountant,premium,625,,high,low,6,name.com,,,
b31421e2-3222-49a4-b9b6-00e019065a15,crunch.accountant,premium,455,65,high,low,6,namecheap,,,24/09/2026 19:53
e8dfd356-9d81-4f22-9554-34705a49e513,alpinia.accountant,available,23.59,23.59,medium,low,7,namesilo,,,18/09/2026 14:02
2a235453-d574-4d19-a219-6e7cec6547c0,variegated.accountant,available,23.59,23.59,medium,low,10,namesilo,,,13/09/2026 01:18
86361ecf-430a-4064-94b5-ca12526a4131,dinkey.accountant,available,23.59,23.59,medium,low,6,namesilo,,,14/08/2026 08:16
da5c788f-bd05-45ca-819e-0dc0351d20b8,alpinist.accountant,premium,455,65,medium,low,8,namecheap,,,18/09/2026 14:06
2d2552b7-cb41-4325-bcf4-d64182ad95cf,strindberg.accountant,available,23.59,23.59,medium,low,10,namesilo,,,21/09/2026 03:49
8c286856-23ed-4582-a7e7-73c86e1b177c,lackey.accountant,available,23.59,23.59,medium,low,6,namesilo,,,20/09/2026 15:38
e32c171f-4570-4dec-b658-37e327428c13,blantyre.accountant,premium,448,53.92,medium,low,8,namesilo,,,24/09/2026 04:05
80c779d0-ad80-4847-8fa5-fd1628f48522,allusion.accountant,premium,448,53.92,high,low,8,namesilo,,,18/09/2026 12:15
8266d5ec-bf0b-403d-9612-00cd85ad8d16,earthquake.accountant,premium,362.45,51.95,high,low,10,spaceship,,,27/09/2026 13:14
9b2c0963-3cf4-4f39-915c-297245448852,niece.accountant,available,23.59,23.59,high,low,5,namesilo,,,
508f3a3a-9fce-42e4-adf0-95bfa4c8f3d8,lindsay.accountant,premium,625,,high,low,7,name.com,,,
8f3ea0a6-bd14-476c-9775-53960d6d9eec,zach.accountant,available,25.98,31.98,high,medium,4,namecheap,,,28/09/2026 04:11
654d63eb-ff01-4c4b-b2c2-fddc9e3b94cc,lois.accountant,premium,448,53.92,medium,low,4,namesilo,,,25/09/2026 15:30
9eb26f6b-d844-4f15-8a97-87c7416ce095,eclectic.accountant,premium,625,81.25,high,low,8,name.com,,,14/08/2026 23:43
1de29cfb-7326-4ba1-aaf9-1a4bb71a2b2a,soul.accountant,premium,448,53.92,high,medium,4,namesilo,,,25/09/2026 09:19
12be8eae-5839-4c94-9c80-370f1b901cb1,nobility.accountant,premium,448,53.92,high,low,8,namesilo,,,20/09/2026 05:50
fa6bc701-6f99-4279-b73e-c784cb69fa32,judith.accountant,premium,455,65,high,low,6,namecheap,,,28/09/2026 05:18
a6621565-488f-4e4d-ab7c-20ea03a20947,beatles.accountant,premium,455,65,high,low,7,namecheap,,,22/09/2026 21:43
2b9c0ddd-a487-48c2-ae0e-571014d49cf9,clients.accountant,available,20.88,20.88,high,low,7,spaceship,,,28/09/2026 03:50
66e0982d-8680-4f2e-b434-cb344d6e54bc,laurel.accountant,premium,640,77.35,high,low,6,namesilo,,,20/09/2026 11:06
88d5d71e-1031-48d9-91cd-8be283d018b5,gooney.accountant,available,23.59,23.59,medium,low,6,namesilo,,,23/09/2026 23:44
45656d49-57f6-48cc-bbec-8fd7751eaca1,relatives.accountant,available,23.59,23.59,medium,low,9,namesilo,,,27/09/2026 10:25
30be98a9-1897-4c60-9a68-dce2b22a8711,athene.accountant,premium,455,65,high,low,6,namecheap,,,20/09/2026 20:37
c12720e6-ba3b-4930-a027-9b2d3b89bae8,amos.accountant,premium,448,53.92,high,low,4,namesilo,,,18/09/2026 22:51
ead3eb13-ebe1-4ddc-a437-690a85ee73d8,asana.accountant,premium,448,53.92,high,low,5,namesilo,,,20/09/2026 12:49
a9786ed7-a595-40a5-ae20-b48db6041da0,cattie.accountant,available,23.59,23.59,medium,low,6,namesilo,,,11/08/2026 22:14
5e758918-a8e9-4d4e-88d5-9bc0a0dd2d06,amylase.accountant,available,25.98,31.98,medium,low,7,namecheap,,,19/09/2026 00:30
796225d4-0a00-4508-be92-69656b0cc86d,blanket.accountant,premium,448,53.92,high,low,7,namesilo,,,08/09/2026 07:17
0e68a857-715c-4adb-b634-af0607416952,paraffin.accountant,available,25.98,31.98,high,low,8,namecheap,,,18/09/2026 08:24
04852be3-98ad-4255-bb02-19337502b6c8,nutrient.accountant,premium,448,53.92,high,low,8,namesilo,,,08/09/2026 11:42
22ac1927-ed0a-407c-b275-7beeb0d00886,ardent.accountant,premium,437.5,62.5,high,low,6,name.com,,,06/08/2026 16:11
532dc6d1-219c-4ab4-af89-4d8edbc01c9e,chest.accountant,available,34.99,37.99,high,low,5,name.com,,,24/09/2026 10:14
7979780b-af90-457d-a041-f6272724fa57,frosted.accountant,premium,437.5,62.5,high,low,7,name.com,,,18/08/2026 16:22
322e5997-6eda-414f-bd82-bc5ea703c821,granddad.accountant,available,31.98,,high,low,8,namecheap,,,
5eeff21d-7f17-4167-965d-8733af952bc6,maps.accountant,premium,625,81.25,high,low,4,name.com,,,
c92bd986-f1b8-4486-a9ce-3f5cd2fc62d4,mueller.accountant,premium,116,29.5,high,low,7,namesilo,,,26/09/2026 03:22
75f2ac4f-ecf3-4811-8698-beaf54161827,understandable.accountant,available,23.59,23.59,high,low,14,namesilo,,,
85a915bd-abaf-4f81-84fd-95c743610650,besieged.accountant,premium,437.5,62.5,low,low,8,name.com,,,09/08/2026 15:25
12c711eb-0693-4bc6-81c0-db744d7b778a,acetamide.accountant,available,23.59,23.59,medium,low,9,namesilo,,,16/09/2026 23:49
802a6a23-4236-4185-9320-d75078c06c35,relaxed.accountant,available,23.59,23.59,high,low,7,namesilo,,,09/09/2026 13:24
79205279-f38c-44b0-827a-6b9d52c52ba9,forbearing.accountant,available,23.59,23.59,medium,low,10,namesilo,,,18/08/2026 10:57
c7a0a85d-89ac-41fa-878f-ff83da803d33,jumps.accountant,available,23.59,23.59,high,low,5,namesilo,,,
56cccc8d-7c60-442c-bb00-127bf751fecd,medusa.accountant,premium,437.5,62.5,high,low,6,name.com,,,24/08/2026 19:13
51178d98-2bbd-4ffb-a448-abe9597afacf,alters.accountant,available,25.98,31.98,medium,low,6,namecheap,,,20/09/2026 13:23
e01a29d0-819d-44b5-a5e6-547653650829,bishopric.accountant,available,23.59,23.59,medium,low,9,namesilo,,,23/09/2026 21:59
6dac7362-549b-441d-a34c-856cbd104730,balzac.accountant,premium,448,53.92,medium,low,6,namesilo,,,22/09/2026 00:32
9da7db08-a6c2-4833-b6be-92543e3eead0,arabist.accountant,available,23.59,23.59,medium,low,7,namesilo,,,19/09/2026 23:35
5efb1273-1be6-44a8-95e7-1f675737e9a7,crepuscle.accountant,available,23.59,23.59,medium,low,9,namesilo,,,11/09/2026 21:50
11ada458-4e5c-47bf-be64-5d64658c4bce,lividly.accountant,available,23.59,23.59,low,low,7,namesilo,,,15/09/2026 12:36
25ec5573-6e91-48d6-aea4-a3acb55836de,carping.accountant,available,23.59,23.59,medium,low,7,namesilo,,,18/08/2026 00:03
39b53f3f-8c06-4c72-8dfd-e6f487933c9b,diverse.accountant,premium,625,81.25,high,low,7,name.com,,,14/08/2026 13:39
762362de-b30d-44a0-8a60-ed4259574e0e,knows.accountant,premium,640,77.35,medium,low,5,namesilo,,,25/09/2026 02:31
513f4022-0535-4f8e-8344-84f2662770f9,neophyte.accountant,available,23.59,23.59,medium,low,8,namesilo,,,18/08/2026 07:34
9594def7-7bc5-4225-8d99-efa8940a78f3,chessman.accountant,available,25.98,31.98,medium,low,8,namecheap,,,24/09/2026 14:20
1fcf9ca6-6db6-4203-abd9-42f67d5b4b5a,psychic.accountant,premium,640,77.35,high,low,7,namesilo,,,27/09/2026 07:57
489a4d68-2553-447a-978e-b33d68d17b1f,confined.accountant,available,25.98,31.98,medium,low,8,namecheap,,,11/08/2026 18:20
4c44e033-59dc-4737-8f38-146ced4a37fd,equals.accountant,premium,437.5,62.5,medium,low,6,name.com,,,18/09/2026 22:09
9e082446-2446-45b8-adf7-27bf32d8d5dd,begonia.accountant,premium,448,53.92,medium,low,7,namesilo,,,23/09/2026 02:28
f5f34e9b-3faf-46e0-ae37-614091f8c63d,checkered.accountant,available,23.59,23.59,medium,low,9,namesilo,,,12/08/2026 03:38
59d2dd7e-dec8-4525-9dbd-82aeb9a5d778,backwash.accountant,available,25.98,31.98,medium,low,8,namecheap,,,17/09/2026 15:44
0adbeeae-d452-4676-984e-ac619dbee0df,spidery.accountant,available,23.59,23.59,medium,low,7,namesilo,,,06/08/2026 11:46
091b4c04-18c2-428e-91ca-bc133325f99c,condor.accountant,premium,455,65,high,low,6,namecheap,,,24/09/2026 17:10
cdeb5bfa-da17-4733-a750-a60a38718b27,illusive.accountant,available,25.98,31.98,medium,low,8,namecheap,,,21/08/2026 20:13
2a488736-b8cc-4e51-b40f-66ea1f1cd690,awareness.accountant,premium,437.5,,high,low,9,name.com,,,
89722895-43c3-490d-a333-d543caec4839,arno.accountant,premium,448,53.92,high,low,4,namesilo,,,20/09/2026 08:12
5f22428a-b19d-4a6a-bee0-7eac76c7af01,sidewise.accountant,available,23.59,23.59,high,medium,8,namesilo,,,10/09/2026 07:48
b39f9bea-0d7f-4233-b4bc-34dc76af2821,jar.accountant,premium,625,,high,low,3,name.com,,,
f324e385-812e-472a-9fee-d54aab2b9713,animalism.accountant,available,25.98,31.98,medium,low,9,namecheap,,,19/09/2026 08:55
c4bc7388-6df1-45a8-9e8b-1d48dcec305d,unspotted.accountant,available,25.98,31.98,medium,low,9,namecheap,,,12/09/2026 20:15
14ce6624-c235-401b-987a-fadcabee31fa,beldam.accountant,available,23.59,23.59,medium,low,6,namesilo,,,23/09/2026 04:45
ab2fbf33-a63b-41ce-b955-6b8d77572922,hurricane.accountant,premium,640,77.35,high,low,9,namesilo,,,27/09/2026 14:11
4791d3ab-8769-45cd-9bd0-1d2364862e30,rowe.accountant,premium,640,77.35,high,low,4,namesilo,,,25/09/2026 16:05
cd573b5a-6e4a-4214-aea9-4e3907ef5a11,monsters.accountant,available,23.59,23.59,high,medium,8,namesilo,,,27/09/2026 03:16
56666b77-d0ab-40fd-83df-c8a298d8b7f7,creator.accountant,premium,448,53.92,high,medium,7,namesilo,,,22/09/2026 01:50
44080175-615f-4f10-8564-5d96a7d4de62,luggage.accountant,available,23.59,23.59,high,low,7,namesilo,,,
d6066dc2-3dd5-4b96-b218-9b229f582a65,bridgeable.accountant,available,23.59,23.59,medium,low,10,namesilo,,,11/08/2026 04:00
9cd0eca8-622e-4ed5-a3d7-f10387a45389,hardback.accountant,premium,437.5,62.5,medium,low,8,name.com,,,21/08/2026 00:40
fa32f5e2-0c59-4292-91f9-020aec6f100e,cochrane.accountant,premium,640,77.35,medium,low,8,namesilo,,,27/09/2026 01:53
d4719c25-c589-4643-85af-00eafcfb3863,version.accountant,premium,437.5,,high,low,7,name.com,,,
02fe8f8c-2627-4312-ac6d-92f418661f06,vaned.accountant,available,23.59,23.59,medium,low,5,namesilo,,,13/09/2026 01:06
3f78c0b8-0c38-4fe1-978d-d15e7955d1ca,cattleman.accountant,premium,455,65,high,low,9,namecheap,,,23/09/2026 00:40
8dc48fcf-2ad1-4351-a6e0-b0a6a8984893,martial.accountant,premium,625,81.25,high,low,7,name.com,,,24/08/2026 16:36
183b77fe-eedd-49af-b303-f63e3f39a075,miniature.accountant,premium,625,81.25,high,low,9,name.com,,,24/08/2026 23:48
ff30ec0e-1b79-4b3d-8454-2cad3fb79470,uppercase.accountant,premium,455,65,high,low,9,namecheap,,,25/09/2026 16:20
b22750ee-a4a8-48c3-8f4b-fc2bc4cd1328,vicenary.accountant,available,23.59,23.59,medium,low,8,namesilo,,,13/09/2026 05:21
fc1dc10d-6156-46be-8636-cade31ed31af,contagious.accountant,premium,437.5,62.5,high,low,10,name.com,,,11/08/2026 21:18
f69a50a5-c422-47ff-a3c5-6e4a26de2530,famous.accountant,premium,640,77.35,high,low,6,namesilo,,,23/09/2026 13:15
5b00288e-5bb9-4bca-9dae-a1f5593f4db0,ear.accountant,premium,625,,high,low,3,name.com,,,
7250fb84-f1f9-467d-bef9-077b08b5b2d7,rounded.accountant,premium,448,53.92,high,low,7,namesilo,,,19/09/2026 15:40
a63f3438-d2d0-442c-8efc-6f133534bbc5,cbc.accountant,premium,517.7,67.48,high,low,3,spaceship,,,28/09/2026 00:59
c9998823-beea-49b6-bb85-d4befe8f52a5,weed.accountant,premium,625,,high,low,4,name.com,,,
4d157b41-7667-48cb-81ca-bc2eac895d27,anomia.accountant,premium,448,53.92,medium,low,6,namesilo,,,18/09/2026 22:21
4086d5a8-d971-4537-9af5-994f79a98b32,lineal.accountant,available,23.59,23.59,medium,low,6,namesilo,,,23/08/2026 14:16
eab48735-f964-48f6-81bb-9d702eaa209f,beanstalk.accountant,available,23.59,23.59,high,low,9,namesilo,,,22/09/2026 20:43
a5f22b4a-1f1b-4fe9-bed3-ac3851634a62,secretive.accountant,premium,625,81.25,medium,low,9,name.com,,,12/08/2026 12:18
a09f7f65-5da5-4baf-bc87-b6452b933d38,pocketbook.accountant,premium,455,65,high,low,10,namecheap,,,23/09/2026 16:19
8237bf65-c06c-4c10-a2b7-072f0b0ee2fa,acarpous.accountant,available,23.59,23.59,medium,low,8,namesilo,,,
1f4a27b8-05aa-4868-8c06-225620455deb,likeness.accountant,premium,455,65,high,low,8,namecheap,,,18/09/2026 07:48
c1cfadea-fc43-4049-b10e-424f73a8a0b2,squander.accountant,available,23.59,23.59,medium,low,8,namesilo,,,13/09/2026 08:34
1be7947a-9cd9-4815-b623-24e1503c3128,lawless.accountant,premium,437.5,62.5,medium,low,7,name.com,,,
c1764e87-4a0f-4bbd-96f4-04677d865c4d,annelida.accountant,available,23.59,23.59,medium,low,8,namesilo,,,19/09/2026 10:23
c812ea3a-a52c-42e7-87a4-fe3e174ed49d,temerity.accountant,available,25.98,31.98,medium,low,8,namecheap,,,21/09/2026 02:48
3e12d7a2-ddf5-417d-859c-7039c0715a03,orbiter.accountant,premium,448,53.92,high,low,7,namesilo,,,09/09/2026 21:35
3dc0518f-7f7e-4551-9c6e-7ab4128c8b85,batty.accountant,premium,437.5,62.5,medium,low,5,name.com,,,06/08/2026 20:35
2575b238-20e6-4ec5-aacf-b8fa1cba00ee,cerebral.accountant,premium,437.5,62.5,high,low,8,name.com,,,12/08/2026 00:30
281f01e9-c948-4b0c-b45b-7ae6e2498949,ventilators.accountant,available,23.59,23.59,medium,low,11,namesilo,,,18/09/2026 23:26
26ab8e68-a611-43de-b014-1d02b126407c,bounce.accountant,premium,448,53.92,high,low,6,namesilo,,,23/09/2026 01:22
0db6fd35-2673-4405-a091-c191af242e59,confidante.accountant,premium,448,53.92,high,low,10,namesilo,,,24/09/2026 17:12
bef2b271-e49b-4ad8-90e2-4ec02e73d081,leopard.accountant,premium,448,53.92,high,low,7,namesilo,,,28/09/2026 06:09
9db17f75-480d-46e6-b874-12b52b9051e1,rancid.accountant,available,23.59,23.59,high,medium,6,namesilo,,,09/09/2026 10:12
f0d6359d-f644-4f04-beea-fa2f6938895a,concern.accountant,premium,437.5,,high,low,7,name.com,,,
d417e65a-cf5b-4f5f-8276-df686c56ff36,butter.accountant,premium,437.5,,high,low,6,name.com,,,
fb3c2fe8-9535-4ffa-8a34-a78078896f73,thatch.accountant,available,23.59,23.59,medium,low,6,namesilo,,,24/09/2026 02:04
bd48fdc0-1604-4789-be25-5f3b208d0504,pete.accountant,premium,437.5,,high,low,4,name.com,,,
5203adc2-6bb9-4329-b963-1b08dd7085ba,polynomials.accountant,available,23.59,23.59,medium,low,11,namesilo,,,27/09/2026 09:22
2912829b-2a09-4361-930b-355d91d904af,lithium.accountant,premium,437.5,62.5,high,low,7,name.com,,,23/08/2026 00:43
c7f221a7-1730-4595-8273-5ef8d6c58540,ardennes.accountant,premium,448,53.92,medium,low,8,namesilo,,,20/09/2026 03:09
460cc474-0990-489c-948b-15dc5a5a5114,monogamous.accountant,available,23.59,23.59,high,low,10,namesilo,,,25/08/2026 05:11
6eafe683-21e6-4fe4-852b-b86c84c13389,asarum.accountant,available,23.59,23.59,medium,low,6,namesilo,,,20/09/2026 12:52
68babdc8-c2d9-483a-8508-e56dfe447459,uncoupled.accountant,available,23.59,23.59,medium,low,9,namesilo,,,12/09/2026 06:17
7a3c5b58-0aae-447c-b50d-11546e8eaa40,noiseless.accountant,available,25.98,31.98,medium,low,9,namecheap,,,03/09/2026 18:13
2c4741cd-2a6c-4d02-a05d-1dc4101566f5,abe.accountant,premium,640,77.35,high,low,3,namesilo,,,25/09/2026 11:28
1599b9f8-473c-4e93-9de1-ef8920dfce81,aglaonema.accountant,available,25.98,31.98,medium,low,9,namecheap,,,17/09/2026 18:18
a6e3e5cc-a285-4960-86be-4c27bf37391c,marry.accountant,available,23.59,23.59,high,low,5,namesilo,,,13/09/2026 09:36
b9d6c01f-9d4c-4b57-ac96-b9c836594627,alarming.accountant,available,23.59,23.59,medium,low,8,namesilo,,,
b56d8738-bcd1-4019-94fc-4bea3b591224,riyadh.accountant,premium,116,29.5,high,low,6,namesilo,,,
33903e31-a70d-4838-96e6-334cbb85d4ba,brand.accountant,premium,437.5,62.5,high,medium,5,name.com,,,24/09/2026 06:15
2e54238c-bb9a-40e9-ba38-42e2809e39d6,tributary.accountant,premium,437.5,62.5,high,low,9,name.com,,,12/08/2026 20:32
6558b4be-aa7b-47ac-8337-6d8b0c314371,pare.accountant,premium,455,65,high,low,4,namecheap,,,11/09/2026 20:00
bc4c60b0-4393-4a23-b27b-31f54daecbb7,bivalent.accountant,available,23.59,23.59,high,low,8,namesilo,,,10/08/2026 08:58
91a93407-114d-4392-a77a-7d16513dce97,blankness.accountant,available,23.59,23.59,medium,low,9,namesilo,,,24/09/2026 04:02
b2bdfb1f-ec92-4960-a2ef-c581bf5dbf56,sculptural.accountant,premium,437.5,62.5,medium,low,10,name.com,,,25/08/2026 02:53
ead6b6c7-829a-4342-90c4-fecbbcf4d476,standard.accountant,premium,640,77.35,high,high,8,namesilo,,,27/09/2026 10:37
dd0addfb-caa2-4982-8ccc-7ae684b56e86,aflutter.accountant,available,23.59,23.59,medium,low,8,namesilo,,,
1f5bbdb9-94b3-4e72-add3-4404acb175b2,shapeless.accountant,available,25.98,31.98,medium,low,9,namecheap,,,
2307a598-e767-491f-92d4-4917abc27e74,loops.accountant,premium,448,53.92,high,low,5,namesilo,,,17/09/2026 12:15
8cfc8002-3621-4193-a50b-44a2d25bfbdb,singly.accountant,premium,448,53.92,medium,low,6,namesilo,,,15/09/2026 08:03
19502e67-7c69-4723-9c48-8d109d2c3dbd,merry.accountant,premium,437.5,62.5,high,low,5,name.com,,,11/08/2026 04:28
80290a4c-7bbc-48cc-86dc-a4d37a94c511,floss.accountant,available,23.59,23.59,high,low,5,namesilo,,,24/09/2026 21:54
524657a7-59f6-4328-b24f-3316a7864239,amnesiac.accountant,available,25.98,31.98,medium,low,8,namecheap,,,
f4ae9883-92e5-453f-bb67-1d0b81d76c66,inventor.accountant,premium,455,65,high,low,8,namecheap,,,20/09/2026 11:36
8cec5a1e-dd23-47f8-b61c-b9a78c636db5,marshall.accountant,premium,640,77.35,high,low,8,namesilo,,,25/09/2026 05:06
2f6bf0af-81da-45d4-837d-d004ed46e10b,elderberry.accountant,premium,455,65,medium,low,10,namecheap,,,24/09/2026 00:39
f627634e-d3df-4b87-8621-f922a7c18644,skill.accountant,premium,455,65,high,medium,5,namecheap,,,
7e701fc1-d494-43ae-a442-bfef1d9b8cda,suffer.accountant,premium,437.5,,high,low,6,name.com,,,
980ff72d-feec-4458-a7e3-da36db902597,implanted.accountant,available,23.59,23.59,medium,low,9,namesilo,,,13/08/2026 22:47
75323551-b409-4014-8dfc-b618c9eadfcc,smashed.accountant,premium,437.5,62.5,medium,low,7,name.com,,,09/08/2026 15:50
dd1250fd-28b6-4e06-a923-13d9bb1b9957,pliable.accountant,available,23.59,23.59,medium,low,7,namesilo,,,19/09/2026 14:13
b87c7038-dd63-40ad-84d4-104d06b42a4a,peanuts.accountant,premium,,,high,low,7,,,,28/09/2026 02:53
fb1ac5b7-7c62-4199-ac40-9b80477e9619,quatern.accountant,available,23.59,23.59,medium,low,7,namesilo,,,
d7b30ca4-ed3e-40dc-a00e-91b799c6c2b2,keyless.accountant,available,23.59,23.59,medium,low,7,namesilo,,,22/08/2026 15:44
cf276b44-8642-4d35-8251-16e8e8544297,lookout.accountant,premium,625,,high,low,7,name.com,,,
c6834951-9b74-45c2-bc57-9ab3c8e2cbc4,dildo.accountant,premium,640,77.35,medium,low,5,namesilo,,,24/09/2026 22:19
44842d7a-fe96-43fe-9e83-21dcc677ba77,census.accountant,premium,455,65,high,low,6,namecheap,,,24/09/2026 13:32
ad7e7b71-4b9e-4cff-a1c7-92a378ecc3bb,lunar.accountant,premium,455,65,high,medium,5,namecheap,,,25/09/2026 15:39
c7359771-c056-49fc-bd19-35e6a6579ffd,robbery.accountant,available,25.98,31.98,medium,low,7,namecheap,,,25/09/2026 09:07
7c826954-bcb3-4c00-bfb1-ca9822376ae6,dim.accountant,premium,625,81.25,high,low,3,name.com,,,10/08/2026 13:58
4c5b2ab1-969c-4592-b750-f9f4716448ac,allhallows.accountant,available,23.59,23.59,medium,low,10,namesilo,,,18/09/2026 09:24
a235b19f-ce4b-4be7-86c6-321529bbfdee,butch.accountant,premium,437.5,62.5,medium,low,5,name.com,,,11/08/2026 11:29
feea89fc-cdc0-43bf-83cd-dbaa0a596a39,beanfeast.accountant,available,25.98,31.98,medium,low,9,namecheap,,,22/09/2026 20:29
b43587b9-40cc-4c16-b2d9-4ebce5e824c8,apogee.accountant,premium,455,65,high,low,6,namecheap,,,19/09/2026 18:28
f027714f-61b6-4c65-94a4-013eac53a119,outspread.accountant,available,23.59,23.59,high,low,9,namesilo,,,04/09/2026 19:47
8c8d9a89-df06-4d06-bf55-bb1b67de364d,dixon.accountant,premium,650,84.5,medium,low,5,namecheap,,,25/09/2026 17:44
cd8099e1-08ce-4d10-a968-b2dbc484e859,rouser.accountant,available,25.98,31.98,medium,low,6,namecheap,,,20/09/2026 08:33
180198d8-0d35-4bc9-ae8b-b8c093b7c4e5,blue.accountant,premium,1107,116,high,medium,4,namesilo,,,22/09/2026 07:49
e558df83-7ce1-47f4-8d60-7e8cfc4efa46,rotten.accountant,available,23.59,23.59,high,low,6,namesilo,,,24/09/2026 01:35
a1f5b4db-286c-4ee3-975a-9f60a9664376,gamba.accountant,premium,448,53.92,medium,low,5,namesilo,,,22/09/2026 11:54
61eb1194-e221-4376-b507-3200ae044296,uncommitted.accountant,available,23.59,23.59,medium,low,11,namesilo,,,
1f651c20-6306-461a-8a24-3aa1b65f87d8,majestic.accountant,premium,448,53.92,high,low,8,namesilo,,,25/09/2026 16:12
52d53842-24ce-4dee-83c6-7b82e70bd317,sessions.accountant,premium,,,high,low,8,,,,28/09/2026 03:02
dcf003ea-7737-469a-89c2-3b6a65d947e6,manifest.accountant,premium,437.5,62.5,high,medium,8,name.com,,,06/08/2026 05:17
505432f8-6e9f-4286-b418-6cea07e60971,fruitful.accountant,premium,437.5,62.5,high,low,8,name.com,,,18/08/2026 17:02
b2a8d4d7-d986-4d0a-81c4-0d86b925842f,defendant.accountant,available,23.59,23.59,medium,low,9,namesilo,,,27/09/2026 03:41
1d8aaa38-0749-45a8-8473-5bb6bc5f3499,avidity.accountant,premium,448,53.92,high,low,7,namesilo,,,21/09/2026 09:28
509ea918-ce60-4cb9-ae5a-2dffdfebea20,archly.accountant,available,23.59,23.59,medium,low,6,namesilo,,,13/09/2026 20:39
df83c5a5-5e8e-465b-afa4-3ad27209096f,climactic.accountant,available,23.59,23.59,high,low,9,namesilo,,,12/08/2026 10:55
7269c930-83df-46a9-9eca-ddf962e7ee7e,phantasma.accountant,available,25.98,31.98,high,low,9,namecheap,,,08/09/2026 18:38
6d3662cd-599d-471a-8636-f5d8999f8a4d,extra.accountant,premium,116,29.5,high,low,5,namesilo,,,21/09/2026 17:12
9b232887-70fe-4d71-a762-5c1711153905,norman.accountant,premium,625,81.25,high,low,6,name.com,,,03/09/2026 21:18
ed2558e6-d332-4c00-aa32-f1eac9f572eb,cloudless.accountant,available,23.59,23.59,high,low,9,namesilo,,,12/08/2026 12:32
baf8c067-d4a5-47d6-baf4-fdd2e4600565,doors.accountant,premium,448,53.92,high,low,5,namesilo,,,25/09/2026 19:46
cc9fa237-0f45-41e8-9e37-373ef3e03a61,bettor.accountant,available,23.59,23.59,medium,low,6,namesilo,,,23/09/2026 11:49
c4561f73-9d7b-4c4d-8231-923cbf9ab4a4,dynamical.accountant,available,23.59,23.59,high,low,9,namesilo,,,14/08/2026 21:57
cde4cdab-1c17-4fa4-8d26-3c3a4d421e60,revelatory.accountant,available,23.59,23.59,high,low,10,namesilo,,,06/08/2026 00:55
9968e638-ff17-48b9-9065-b312af5e8c91,furthest.accountant,available,23.59,23.59,medium,low,8,namesilo,,,24/09/2026 17:07
ee69ad1e-4fb0-472e-8ba8-27c0fc1ade8c,sutton.accountant,premium,640,77.35,high,low,6,namesilo,,,25/09/2026 16:50
8c11576d-50ca-4579-8ba1-0d6fda4460f9,tannenberg.accountant,available,23.59,23.59,medium,low,10,namesilo,,,22/09/2026 16:05
b55694ae-964b-4c6c-807b-b953fd383eed,hypo.accountant,premium,437.5,62.5,high,low,4,name.com,,,21/08/2026 17:15
575cb04e-0cf3-4cdf-a15c-8913626f0070,torrid.accountant,premium,437.5,62.5,high,low,6,name.com,,,06/08/2026 16:35
dda1e8c7-f674-4bc2-8080-832463ba6e3b,shakespeare.accountant,premium,437.5,,high,low,11,name.com,,,
29235489-98e0-48b8-8a87-f097dce56aae,tracks.accountant,premium,448,53.92,high,low,6,namesilo,,,17/09/2026 16:05
4d1d0c5b-d70b-4460-a74f-ba9985d0a42e,chosen.accountant,premium,437.5,62.5,high,low,6,name.com,,,16/08/2026 02:32
91d8e1aa-f006-44a5-af0e-8f858c86abee,esteem.accountant,premium,437.5,,high,low,6,name.com,,,
c06da5b4-7ea9-4c59-a4ba-a9ee3aafae47,feature.accountant,premium,448,53.92,high,low,7,namesilo,,,23/09/2026 13:48
a7c0e07f-6d1f-4c3e-a367-779f13aae672,bulldog.accountant,premium,650,84.5,high,low,7,namecheap,,,24/09/2026 11:08
4e9a8cf6-da79-4a85-8def-32d5f3878a94,dust.accountant,premium,455,65,high,low,4,namecheap,,,24/09/2026 21:05
b1dbf20a-4bff-4028-9edd-63084393a2d2,biophysics.accountant,available,25.98,31.98,high,low,10,namecheap,,,23/09/2026 18:50
9abab50a-1775-4406-9e3c-00ea7e8ad9f3,pitchy.accountant,available,23.59,23.59,medium,low,6,namesilo,,,12/08/2026 13:45
520c4a79-83b0-412b-8d88-7d031fda0078,thb.accountant,premium,640,77.35,high,low,3,namesilo,,,21/09/2026 14:19
2114d402-2c41-49f1-b4c4-0b2ae0119498,pseudonym.accountant,available,23.59,23.59,high,low,9,namesilo,,,19/09/2026 11:33
bd03c0c1-0131-4727-88af-e4f94cbe7ee1,dame.accountant,premium,455,65,high,low,4,namecheap,,,24/09/2026 20:56
36940f68-639a-4b3a-9b75-77f1461d5b98,pita.accountant,premium,437.5,,high,low,4,name.com,,,
ea31cbf7-1adb-4056-83bd-72032533b451,variant.accountant,premium,448,53.92,high,low,7,namesilo,,,13/09/2026 01:15
e3fd5b2a-b45f-47d4-a7ea-076e8283b3c9,nonplus.accountant,available,23.59,23.59,medium,low,7,namesilo,,,21/09/2026 17:34
a8dd2031-f183-4cd4-89ff-3870161f7a30,eon.accountant,premium,640,77.35,high,low,3,namesilo,,,17/09/2026 12:38
7c085632-9f91-4ecb-87ad-a54f2474638d,autoerotic.accountant,available,25.98,31.98,medium,low,10,namecheap,,,07/08/2026 20:01
f5d46888-1edd-41fc-8703-2053a61ee5a7,msc.accountant,premium,640,77.35,high,low,3,namesilo,,,27/09/2026 04:42
8bdf1719-fea7-4622-9d4c-d715ff9ee995,vestigial.accountant,available,23.59,23.59,medium,low,9,namesilo,,,13/09/2026 04:54
bbec0c47-cc49-42dd-898b-bd7d48860e03,ramsay.accountant,premium,448,53.92,medium,low,6,namesilo,,,25/09/2026 15:54
900517a8-f66b-449c-9599-5b4685b2b90c,czech.accountant,premium,625,81.25,high,low,5,name.com,,,13/08/2026 15:01
888bc23e-076a-4a94-960e-a5067d113dc2,desires.accountant,premium,448,53.92,high,low,7,namesilo,,,17/09/2026 08:40
db4b4cae-8d30-404e-b5cf-a2901abd81f1,ageism.accountant,available,23.59,23.59,medium,low,6,namesilo,,,17/09/2026 16:54
b384498d-9c46-49f7-8536-c71975c6db68,syllabic.accountant,available,23.59,23.59,high,low,8,namesilo,,,11/09/2026 05:58
aee53d6b-a688-4b82-9b55-d6b5f3c39b26,slug.accountant,premium,448,53.92,high,low,4,namesilo,,,23/09/2026 13:52
b9b03ef0-73d3-42df-8d51-d1d0b6fb99a9,rescue.accountant,premium,625,,high,low,6,name.com,,,
7ed5e40c-7f9f-4e70-a304-a39ea78c5f4b,handless.accountant,available,23.59,23.59,medium,low,8,namesilo,,,11/08/2026 10:12
1a94f0fe-21f4-4738-b2ae-121cbbceeb18,maternal.accountant,premium,650,84.5,high,low,8,namecheap,,,25/09/2026 18:01
d728d533-92fd-4c81-bba4-bdc8f9c97105,carved.accountant,premium,437.5,62.5,high,low,6,name.com,,,11/08/2026 19:57
e95e1578-8d31-49a3-b63b-e2a4557ec60e,remainder.accountant,available,23.59,23.59,high,low,9,namesilo,,,09/09/2026 15:03
8bc00536-fa7a-4a41-9938-888505243c6c,arras.accountant,available,23.59,23.59,medium,low,5,namesilo,,,20/09/2026 08:49
429d3e1a-89ef-4c6a-98bd-f09fa971182e,russia.accountant,premium,3125,,high,medium,6,name.com,,,
f8cc4819-fac5-4304-be1c-0788461060c9,crown.accountant,premium,650,84.5,high,medium,5,namecheap,,,24/09/2026 19:47
95124962-6ab3-40ee-8f16-8bcbbf4911b6,nepali.accountant,available,23.59,23.59,high,low,6,namesilo,,,03/09/2026 15:37
453646a9-a0e9-4766-b261-d27a396fd2e0,nobel.accountant,premium,448,53.92,high,low,5,namesilo,,,18/09/2026 06:24
dc646419-f881-458e-b1f6-6fde01757d13,newer.accountant,available,23.59,23.59,medium,low,5,namesilo,,,18/09/2026 15:53
ccddd8fc-ba16-4651-82eb-8a48a7925cad,procedural.accountant,available,23.59,23.59,high,low,10,namesilo,,,09/09/2026 02:31
e0b136bc-42b2-405f-bc62-06e63333b1d8,cas.accountant,premium,550,71.5,high,low,3,dynadot,,,27/09/2026 23:14
4a66cee8-9d20-4f04-ad3e-96cb3ae8ac2e,applier.accountant,available,23.59,23.59,medium,low,7,namesilo,,,19/09/2026 21:54
6709289f-67e7-4896-9b22-ba59534b2b31,bettering.accountant,available,25.98,31.98,high,low,9,namecheap,,,09/08/2026 18:11
520c4887-a846-455b-ad7f-6a306685098b,phrases.accountant,available,23.59,23.59,medium,low,7,namesilo,,,
8dd7e9a2-1c0e-4dc6-90f2-9d76301033d8,procurable.accountant,available,23.59,23.59,medium,low,10,namesilo,,,18/08/2026 23:08
9dfea716-2170-4610-b268-ee8dcdd3657b,alpine.accountant,premium,1107,116,high,medium,6,namesilo,,,
d79daf6b-0b50-411f-adcf-588cbed5ec98,nationwide.accountant,premium,448,53.92,high,medium,10,namesilo,,,24/09/2026 00:32
25a59f42-f7b0-42ea-9861-26cf3c44bf10,indifferent.accountant,available,23.59,23.59,high,low,11,namesilo,,,
fe3c351b-3454-4584-a7fd-d258e250f53e,tunic.accountant,available,25.98,31.98,high,low,5,namecheap,,,17/09/2026 10:34
544aa651-42d5-434a-a2a9-6db45ec7c83b,gloomy.accountant,premium,437.5,62.5,medium,low,6,name.com,,,14/08/2026 11:40
b03e8386-e241-4f7d-b6b6-c04d94679c6a,subversive.accountant,premium,437.5,62.5,high,low,10,name.com,,,22/08/2026 07:46
f82e8081-1901-4f05-b0e2-84ea5ec2a902,expert.accountant,premium,640,77.35,high,low,6,namesilo,,,23/09/2026 15:34
73523b82-a8cb-496f-9ed1-109cbadac53e,fugacious.accountant,available,23.59,23.59,medium,low,9,namesilo,,,17/08/2026 10:20
79647d85-2437-40a3-9576-2da64ae938cc,russian.accountant,premium,3450,416,high,low,7,namesilo,,,27/09/2026 17:35
92f529ac-4d34-4544-a836-5dcaf173bfa5,scrubby.accountant,available,23.59,23.59,medium,low,7,namesilo,,,09/09/2026 23:39
d954ac35-85a5-4143-94f9-616a25b10ca5,orbital.accountant,premium,448,53.92,high,low,7,namesilo,,,04/09/2026 17:35
250cfe31-f676-4084-9804-0988fdbbc9ff,ponds.accountant,premium,448,53.92,medium,low,5,namesilo,,,18/09/2026 22:37
24470ba2-f864-460c-a4bd-f12d7dce34e4,fearlessly.accountant,available,23.59,23.59,high,low,10,namesilo,,,14/09/2026 10:44
8594b41b-84cb-4538-9228-a1e5a8f9b4bd,fitting.accountant,available,23.59,23.59,high,low,7,namesilo,,,18/08/2026 05:50
96597e41-c6d7-4d63-91f2-dd3db0da3c9f,ellsworth.accountant,premium,517.7,67.48,medium,low,9,spaceship,,,27/09/2026 13:20
9d4e7979-00d5-4d9b-b4eb-97c264a7200e,tarawa.accountant,premium,455,65,medium,low,6,namecheap,,,21/09/2026 19:26
52662132-95bd-4aa3-b70f-966580cbaa96,vulturine.accountant,available,23.59,23.59,high,medium,9,namesilo,,,09/09/2026 10:24
f0a018be-57a8-41a9-aab4-163330a944e7,ceiling.accountant,available,23.59,23.59,high,low,7,namesilo,,,24/09/2026 13:23
76db7644-426b-46cd-8fbf-971bd08e9508,overdue.accountant,available,23.59,23.59,medium,low,7,namesilo,,,26/09/2026 03:28
ae9a9236-a72c-4a05-8ffd-b6f0f91fef74,wassermann.accountant,premium,448,53.92,high,low,10,namesilo,,,21/09/2026 03:49
573ac62b-4939-4653-96ab-1c10ae747cc2,bijou.accountant,premium,448,53.92,high,low,5,namesilo,,,23/09/2026 15:32
9b2169e4-0a80-42b4-aa14-b011bec6acd3,alliaceous.accountant,available,23.59,23.59,medium,low,10,namesilo,,,
d5051229-6b31-48db-9560-4b6eb7b12d82,atarax.accountant,premium,455,65,medium,low,6,namecheap,,,20/09/2026 19:30
0cda83e8-d8c9-4a0a-9b08-44a16e8d8a7a,situated.accountant,available,25.98,31.98,medium,low,8,namecheap,,,25/09/2026 14:16
c249cfb3-b0f0-4eef-837b-6c2c493a72de,schematic.accountant,premium,448,53.92,high,low,9,namesilo,,,09/09/2026 23:02
be51e388-c1aa-45fa-a3e1-606d8677197f,readably.accountant,available,23.59,23.59,medium,low,8,namesilo,,,14/09/2026 11:08
33e79cb8-d6fa-4567-907e-68271405adbb,existed.accountant,available,20.88,20.88,medium,low,7,spaceship,,,27/09/2026 21:59
1e4d7f0f-a295-4d4f-8f6a-e92bacd05601,closer.accountant,premium,437.5,,high,low,6,name.com,,,
9afd218e-55d6-4e1f-89fb-237b11871165,governing.accountant,premium,437.5,62.5,high,low,9,name.com,,,20/08/2026 17:20
36314356-7fa2-4967-96bd-2f89ea22255e,batfish.accountant,available,25.98,31.98,medium,low,7,namecheap,,,22/09/2026 13:14
c2889eef-9cf5-4ff3-b813-edf446b9011e,philip.accountant,premium,625,,high,low,6,name.com,,,
c0d59b1d-5608-453c-a062-3047052704eb,pierre.accountant,premium,640,77.35,high,low,6,namesilo,,,24/09/2026 12:24
6f2835cc-0562-47bd-a388-3cea5c26ae39,condiment.accountant,available,23.59,23.59,high,low,9,namesilo,,,
4a327df6-30d0-4b21-a59b-59f3d1b1f710,implying.accountant,available,23.59,23.59,high,low,8,namesilo,,,
39eec07e-6482-4338-8e25-76e98e6ff7b4,bahamian.accountant,available,23.59,23.59,medium,low,8,namesilo,,,08/08/2026 08:31
b7e4add9-a02f-453d-9fd8-d4fca04f4d81,roarer.accountant,available,23.59,23.59,medium,low,6,namesilo,,,22/09/2026 16:57
4cd0bdcc-482f-46f7-aef1-36810e728621,reebok.accountant,premium,437.5,,high,low,6,name.com,,,
f25009c9-89bf-4de2-8bfa-df54784a7523,pray.accountant,premium,437.5,,high,low,4,name.com,,,
56928c41-46ed-4e61-884c-2b3f833369fd,bitchy.accountant,available,23.59,23.59,medium,low,6,namesilo,,,10/08/2026 07:17
155a8406-f0c3-4bf8-b165-4312da1bbdf8,rein.accountant,premium,437.5,,high,low,4,name.com,,,
1116107e-f944-4122-98bc-3d933a3234f7,autarchic.accountant,available,23.59,23.59,medium,low,9,namesilo,,,07/08/2026 18:36
144f4f97-315a-4df1-848f-ea0d5a9f073c,motions.accountant,premium,455,65,medium,low,7,namecheap,,,18/09/2026 00:16
364920fc-6385-4d72-a89c-e46e27493bd5,curious.accountant,premium,650,84.5,high,low,7,namecheap,,,24/09/2026 03:57
e38a64ca-8c69-4a28-95db-627c2296cfdb,fooling.accountant,available,23.59,23.59,high,low,7,namesilo,,,18/08/2026 10:35
97f72a99-1bf6-4eca-9ede-f1435e91cae1,hindsight.accountant,premium,437.5,,high,low,9,name.com,,,
69afdc14-65ef-4d62-8121-5c68a9e7ef9f,spongy.accountant,available,23.59,23.59,medium,low,6,namesilo,,,10/09/2026 16:24
ae1f7724-75d3-44d4-89a4-18200c5e9219,dime.accountant,premium,437.5,,high,low,4,name.com,,,
5a79c0ce-e8c5-47d5-b440-a4c0ffc2e154,denied.accountant,available,25.98,31.98,low,low,6,namecheap,,,27/09/2026 02:21
07ae76d6-3aca-4a32-889c-78651d456387,erbium.accountant,premium,455,65,medium,low,6,namecheap,,,20/09/2026 23:37
c1f2e8b9-95b3-4bd2-a421-37417ae7c3c5,uncaring.accountant,available,23.59,23.59,medium,low,8,namesilo,,,12/09/2026 00:02
440d2a3a-422f-4772-ab9b-9a056572ec92,benzine.accountant,available,23.59,23.59,medium,low,7,namesilo,,,23/09/2026 08:53
4ab1a4ff-cb1f-4b3a-b5e0-22e75f4d7ce2,evident.accountant,premium,437.5,62.5,high,low,7,name.com,,,06/08/2026 05:13
e9a0131e-b1a1-42a2-8da3-5aa6779a05bb,whispered.accountant,available,23.59,23.59,high,low,9,namesilo,,,13/09/2026 11:35
5f2d73d1-40db-43f2-a054-df3d02d21700,lavender.accountant,premium,437.5,62.5,high,low,8,name.com,,,22/08/2026 21:02
0ca406fd-0c28-42e2-ac68-93387884eaf0,bethe.accountant,available,23.59,23.59,medium,low,5,namesilo,,,23/09/2026 11:12
aabade3d-fcb7-4001-9525-a58ef76bebd1,raymond.accountant,premium,650,84.5,high,low,7,namecheap,,,25/09/2026 19:12
0250b869-30c6-4aac-8ce6-2d56fac10d1c,anguish.accountant,premium,455,65,medium,low,7,namecheap,,,19/09/2026 07:36
de38df80-7621-48e2-98cd-e95c2d01fc57,oks.accountant,premium,640,77.35,medium,low,3,namesilo,,,21/09/2026 06:13
9e4e51ba-6ba6-4eab-afe3-25d373f612d3,booster.accountant,premium,448,53.92,high,low,7,namesilo,,,17/09/2026 08:57
fda43edb-c6f0-4a00-8b63-fc3fc7d994d5,frightened.accountant,premium,625,81.25,medium,low,10,name.com,,,18/08/2026 15:37
64ffd180-eb03-41ca-b83d-8a2b8f34516d,saliferous.accountant,available,25.98,31.98,high,medium,10,namecheap,,,09/09/2026 20:52
3a33a6c2-0c40-4738-aaf9-8c8bb9c40b7f,integral.accountant,premium,448,53.92,high,low,8,namesilo,,,23/09/2026 10:33
31c0a3f9-7406-47a4-b7ba-a5c843276841,acold.accountant,available,23.59,23.59,medium,low,5,namesilo,,,
1b36c2e0-66b7-4e6b-a038-564330d4b080,stomachic.accountant,available,23.59,23.59,medium,low,9,namesilo,,,18/08/2026 20:37
66d83894-33d3-44a5-989c-d1eecfb0b97a,pee.accountant,premium,640,77.35,medium,low,3,namesilo,,,13/09/2026 09:51
57657acb-cc68-43b7-a20b-15d2f9bc1909,dismount.accountant,premium,448,53.92,high,low,8,namesilo,,,24/09/2026 22:48
a8493bb7-bf83-4b38-a050-b7c3e64fd8cc,excursive.accountant,available,23.59,23.59,medium,low,9,namesilo,,,17/08/2026 16:39
6d39ffa0-f785-49c9-b98a-471716c412e5,hanukah.accountant,available,23.59,23.59,high,low,7,namesilo,,,
21e81f1d-3a4e-4392-92dc-912846ea8555,naturally.accountant,premium,437.5,,high,low,9,name.com,,,
a47fc28a-4798-4170-b45c-080b40cc8292,funny.accountant,premium,116,29.5,high,low,5,namesilo,,,23/09/2026 15:21
be2b5d49-106d-477e-889b-83814ded705a,doorbell.accountant,premium,448,53.92,high,low,8,namesilo,,,24/09/2026 11:23
4fc851bc-2d81-4a02-b27f-e69e71812184,sisters.accountant,premium,625,81.25,high,low,7,name.com,,,
3c2126bd-b21d-47bf-bb39-0bca2b5f5272,antonio.accountant,premium,448,53.92,high,low,7,namesilo,,,28/09/2026 03:49
08b35028-6597-4eaa-95a2-a3773729a609,eruptive.accountant,available,23.59,23.59,medium,low,8,namesilo,,,17/08/2026 13:12
afe4843c-0aab-450a-8235-f2e880f831b1,slim.accountant,premium,362.45,51.95,high,low,4,spaceship,,,27/09/2026 22:35
9c64d364-ef79-49ff-81d9-b76e2a39edc6,dominate.accountant,premium,448,53.92,high,low,8,namesilo,,,16/09/2026 01:33
0def3d98-75be-4d62-bea3-fe1731a27941,synthesized.accountant,available,34.99,37.99,medium,low,11,name.com,,,17/09/2026 19:35
922bc315-4692-4eca-8b08-20cac5281a0e,erose.accountant,available,23.59,23.59,medium,low,5,namesilo,,,17/08/2026 12:30
ee495938-6221-4878-b378-2f44a7bac017,ariocarpus.accountant,available,25.98,31.98,medium,low,10,namecheap,,,20/09/2026 05:32
8a186456-a69f-4e78-9280-5ad1c5ce7331,trophy.accountant,premium,437.5,,high,low,6,name.com,,,
030c2f79-9e23-41f4-abde-a84346caed90,dryden.accountant,premium,640,77.35,medium,low,6,namesilo,,,28/09/2026 05:32
8799fc4c-d1c3-4beb-a2af-160f6d13da2f,disquiet.accountant,available,23.59,23.59,medium,low,8,namesilo,,,24/09/2026 22:51
a5c33136-5a2f-44fc-a0da-0bd0e2caa3bf,hairy.accountant,premium,640,77.35,high,low,5,namesilo,,,24/09/2026 23:10
8b0e4faa-eba8-404c-8345-d2da4999106b,evrything.accountant,available,23.59,23.59,medium,low,9,namesilo,,,
e8e5976c-ffdc-487c-8aac-750351fd7585,nipper.accountant,premium,437.5,62.5,medium,low,6,name.com,,,25/08/2026 00:05
56e43cf9-bfec-4646-9acd-62f62f73c4a3,singular.accountant,premium,437.5,62.5,high,low,8,name.com,,,13/08/2026 11:18
5a6478de-2649-4bf9-8d99-c2db010cd3d4,destroy.accountant,premium,448,53.92,high,low,7,namesilo,,,25/09/2026 10:30
ffa3dc18-d1b4-45a3-8885-a3d97eacd883,myeloid.accountant,available,23.59,23.59,medium,low,7,namesilo,,,03/09/2026 12:06
57acdf31-f419-4dea-85ab-005ac16425b5,lutetium.accountant,available,23.59,23.59,medium,low,8,namesilo,,,20/09/2026 23:39
3ea3cdbd-88da-4ec6-9a4e-72c927d79d82,ethan.accountant,premium,625,81.25,high,low,5,name.com,,,25/09/2026 13:30
62d0e447-95ef-45cf-b0d8-25f370bc05ef,mongolian.accountant,premium,625,81.25,high,low,9,name.com,,,25/08/2026 04:47
70a3b3ed-1e36-432f-afcc-85d41220d108,anasarca.accountant,available,23.59,23.59,medium,low,8,namesilo,,,19/09/2026 03:14
6eed8f8e-2907-4a18-ac20-e9779780dfb8,contested.accountant,available,23.59,23.59,medium,low,9,namesilo,,,23/09/2026 22:01
be417975-55e8-43e4-8e97-77f380eb3fbc,enactment.accountant,available,25.98,31.98,medium,low,9,namecheap,,,17/09/2026 04:06
a58a7bdb-9b74-4df7-951e-53b2e4657e41,accused.accountant,available,23.59,23.59,high,low,7,namesilo,,,
ab339680-c01a-4e02-a544-8d5db3195aa9,workmanship.accountant,available,23.59,23.59,high,low,11,namesilo,,,16/09/2026 08:15
6e1aca07-bdb3-4eab-9935-32ebd0c80c3b,transylvania.accountant,premium,,,high,low,12,,,,27/09/2026 18:35
8d76c8f5-7556-4a52-b9b1-2ed78d6802b7,budding.accountant,available,23.59,23.59,high,low,7,namesilo,,,11/08/2026 07:42
af9c3d56-ea21-4c73-9811-9712a3abdc4b,incumbent.accountant,available,23.59,23.59,high,low,9,namesilo,,,22/08/2026 02:03
0a7c0b0e-18b6-49f4-b376-0fef40343e53,tolu.accountant,available,25.98,31.98,medium,low,4,namecheap,,,22/09/2026 00:08
e5fdae16-0429-4f6c-b7ec-a8d3573d626c,variably.accountant,available,23.59,23.59,medium,low,8,namesilo,,,16/09/2026 10:46
9633030a-7ada-48db-b6a0-46b42f822c53,abutter.accountant,available,25.98,31.98,medium,low,7,namecheap,,,16/09/2026 19:36
d109124e-67a6-44a6-be6d-33604988fc67,birch.accountant,premium,437.5,62.5,high,low,5,name.com,,,10/08/2026 05:53
841a986b-12b4-4327-ba83-3be996b9207f,nether.accountant,premium,437.5,62.5,high,low,6,name.com,,,12/08/2026 07:29
88a036a8-bbbb-452e-b700-ce7ea921c983,nauseous.accountant,available,23.59,23.59,medium,low,8,namesilo,,,24/08/2026 08:24
4370ec40-3aa8-445a-972a-2014cbab6b8d,dwelling.accountant,available,23.59,23.59,high,low,8,namesilo,,,
80f98ef9-bcf5-49ae-a5da-1051d2ee405b,animation.accountant,premium,448,53.92,high,low,9,namesilo,,,18/09/2026 08:09
0282e592-5543-43fe-93ea-44e2d397790a,bode.accountant,premium,640,77.35,medium,low,4,namesilo,,,21/09/2026 03:28
0d39368e-04d5-48bc-bdb9-f692aa962170,petite.accountant,premium,437.5,62.5,medium,low,6,name.com,,,08/08/2026 14:24
a96000a2-edca-4ab6-8a66-0032f8bf3c92,avicenna.accountant,premium,448,53.92,high,low,8,namesilo,,,16/09/2026 18:41
55b091a7-6175-4ef5-883c-8d57c530b7c2,apophthegm.accountant,available,23.59,23.59,medium,low,10,namesilo,,,19/09/2026 17:11
cd0119d4-0162-4b65-9789-684a884a257f,already.accountant,available,23.59,23.59,high,low,7,namesilo,,,
c6b0264a-1680-4e17-b4d5-28f4e14ea778,reside.accountant,premium,448,53.92,high,low,6,namesilo,,,24/09/2026 23:25
e894cd2d-3e8b-4f3c-a62b-9479c325438f,conclusive.accountant,available,25.98,31.98,high,low,10,namecheap,,,23/09/2026 19:11
80b57d52-fb2c-4cd4-b24d-06c72e08654f,volute.accountant,premium,437.5,62.5,medium,low,6,name.com,,,12/08/2026 16:14
24fe5307-5472-47b7-83f1-06db12224470,witches.accountant,available,23.59,23.59,medium,low,7,namesilo,,,27/09/2026 11:53
d230d88c-4215-4361-a2e3-4ba65d20f61c,criticise.accountant,available,23.59,23.59,medium,low,9,namesilo,,,
f9f9e811-5e43-4c57-9536-d161fa1b3d9e,trivial.accountant,available,25.98,31.98,high,low,7,namecheap,,,24/09/2026 17:54
f1887d7a-5569-492f-8e9f-d2f8e2fd2214,schmidt.accountant,premium,116,29.5,high,high,7,namesilo,,,25/09/2026 07:11
33f57324-2956-4fb2-9ae0-1a57e72c1366,cervine.accountant,available,23.59,23.59,medium,low,7,namesilo,,,12/08/2026 01:00
8cdf7f6d-bec3-408d-a4dc-99a8641d097f,strengthen.accountant,premium,437.5,,high,low,10,name.com,,,
2a6b33f3-c43d-4ec5-9d09-b9ef89196301,appliance.accountant,premium,448,53.92,high,low,9,namesilo,,,19/09/2026 21:44
80a9b008-c955-492f-b4e1-931f92e91b1a,dashingly.accountant,available,23.59,23.59,medium,low,9,namesilo,,,14/09/2026 10:41
8910a7ae-75a4-45ac-9d80-72b68206dc79,lots.accountant,premium,437.5,,high,low,4,name.com,,,
d5681478-a342-4e0f-8f0b-e8c7508097d0,septet.accountant,premium,437.5,62.5,medium,low,6,name.com,,,
6cc5afeb-c4f3-4221-aa83-2663163bf2cb,unreactive.accountant,available,25.98,31.98,medium,low,10,namecheap,,,12/09/2026 17:50
51128933-0d0b-4f03-96f4-7b1c253a2a18,arts.accountant,premium,517.7,67.48,high,low,4,spaceship,,,28/09/2026 04:29
e4e1ef66-ab3b-4cbc-a50b-ac948770e7bf,garden.accountant,premium,640,77.35,high,low,6,namesilo,,,27/09/2026 01:57
3ae87b63-80f3-4164-bdca-8985d59eff7f,linda.accountant,premium,640,77.35,high,low,5,namesilo,,,25/09/2026 14:03
8806042d-22a9-4142-9898-88c1bb94e684,fusiform.accountant,available,23.59,23.59,medium,low,8,namesilo,,,12/08/2026 08:02
7ed5f479-c913-4b8f-8a77-911818989fd5,unguided.accountant,available,23.59,23.59,medium,low,8,namesilo,,,12/09/2026 11:41
675192c1-e142-468d-8980-7176c047ffdc,jon.accountant,premium,640,77.35,high,low,3,namesilo,,,25/09/2026 14:02
c7bb381e-cb10-4d65-8925-b5e44b3d5ef5,factor.accountant,premium,437.5,,high,low,6,name.com,,,
1c2477b4-1ec6-4303-a4e1-e2d442c687ef,hackneyed.accountant,available,23.59,23.59,medium,low,9,namesilo,,,08/08/2026 10:56
3ce75ee5-8dac-4158-b226-9e02a5ceec5d,cypriote.accountant,available,34.99,37.99,medium,low,8,name.com,,,13/08/2026 14:05
dc3fd464-4eb0-4db4-bc44-67867b4c72f7,windflower.accountant,available,23.59,23.59,high,low,10,namesilo,,,19/09/2026 05:19
b0f6e60c-42a8-4857-8ce1-506337138b2f,secrecy.accountant,available,23.59,23.59,high,low,7,namesilo,,,24/09/2026 17:03
68a7c14d-486e-4b6f-b292-c8e1c13a6514,stephens.accountant,premium,640,77.35,high,low,8,namesilo,,,25/09/2026 15:57
bed244a8-bd4f-4aec-8de2-31ddd0c9a3ca,bitstock.accountant,available,23.59,23.59,medium,low,8,namesilo,,,23/09/2026 22:47
0ac14b06-b5d8-47d0-9d06-faa564597ddc,ossiculate.accountant,available,25.98,31.98,medium,low,10,namecheap,,,04/09/2026 18:24
1c1bdf81-82e0-4ee1-8800-c817ae013532,lendable.accountant,premium,437.5,62.5,medium,low,8,name.com,,,22/08/2026 23:35
fe64e46f-c970-4ab6-905b-f555928ede9d,stripped.accountant,premium,448,53.92,medium,low,8,namesilo,,,10/09/2026 22:48
57de40fe-e53d-41a1-aac6-480cf7720781,mills.accountant,premium,625,,high,low,5,name.com,,,
55078f3c-ae7f-4545-85b4-94944692a9bd,subvert.accountant,premium,437.5,62.5,medium,low,7,name.com,,,13/08/2026 02:15
1531fff8-18ef-4d74-9967-cf62902f9344,curiously.accountant,premium,437.5,,medium,low,9,name.com,,,
d5c98d9a-c5f8-4d01-b38c-633d68689349,rag.accountant,premium,640,77.35,high,low,3,namesilo,,,24/09/2026 12:22
7011090f-22bb-4c7d-811c-7829dc6d1d3a,agitator.accountant,premium,455,65,medium,low,8,namecheap,,,17/09/2026 18:07
d78088dd-a6e6-41a7-b297-47b0276e4306,abohm.accountant,available,23.59,23.59,medium,low,5,namesilo,,,16/09/2026 16:26
6dc007e0-479f-4c82-ac9f-580bcd725d36,junkie.accountant,premium,448,53.92,medium,low,6,namesilo,,,17/09/2026 06:51
c3dcf159-51ad-4bdd-9490-3c9164b951d2,muffle.accountant,premium,437.5,62.5,medium,low,6,name.com,,,13/08/2026 16:49
79484f62-2d34-42a6-92b8-f935d1eb183f,assaulter.accountant,available,23.59,23.59,medium,low,9,namesilo,,,17/09/2026 17:42
2aef1521-cd34-4ace-84b9-3367f21d7274,amiably.accountant,available,25.98,31.98,medium,low,7,namecheap,,,13/09/2026 17:50
d3b91d2c-e25a-49e1-9ab0-397fe196eb33,moravian.accountant,available,23.59,23.59,high,low,8,namesilo,,,25/08/2026 06:14
93b9958c-6a92-429b-84dd-66118a16d210,luteal.accountant,available,23.59,23.59,medium,low,6,namesilo,,,24/08/2026 12:07
f7a8a805-3376-437c-a8ae-6865a443056f,concord.accountant,premium,640,77.35,high,low,7,namesilo,,,16/09/2026 22:58
46b1b4b8-4215-46d9-8590-b7e932226035,swept.accountant,available,23.59,23.59,high,low,5,namesilo,,,11/09/2026 05:44
ce11c22c-dbba-40be-8024-acc843319a71,pluto.accountant,premium,455,65,high,low,5,namecheap,,,17/09/2026 20:47
14e375c4-653d-4483-876e-1fcbb6e329eb,prefer.accountant,premium,448,53.92,high,low,6,namesilo,,,27/09/2026 03:54
4f2ced73-e034-47da-8a7c-b79277960068,ballista.accountant,premium,448,53.92,medium,low,8,namesilo,,,20/09/2026 00:35
ccffdd12-2c63-4806-97ee-ec50018d5aa1,archangel.accountant,premium,448,53.92,high,low,9,namesilo,,,19/09/2026 05:59
e737ca02-612a-4b22-a5bd-22164d130020,feetfirst.accountant,premium,455,65,medium,low,9,namecheap,,,14/09/2026 18:20
a237fafb-cbbb-477f-ae41-92d1876e76ee,unshared.accountant,available,23.59,23.59,medium,low,8,namesilo,,,12/09/2026 19:38
e6481adf-6208-4ef4-b4be-679814abf03c,riskless.accountant,available,25.98,31.98,high,low,8,namecheap,,,09/09/2026 17:59
ffe4608b-69d3-4889-ae35-c3e1481db8a6,airflow.accountant,premium,455,65,high,low,7,namecheap,,,17/09/2026 22:13
6e105fdb-ef93-4dd0-b8a4-9e89c93a9f30,audiotape.accountant,available,23.59,23.59,high,low,9,namesilo,,,21/09/2026 03:01
ee58b91c-540c-4e89-bd29-31cef053ea09,frill.accountant,premium,437.5,62.5,high,low,5,name.com,,,18/08/2026 23:46
417491cc-88c4-4057-92f0-d9b451b0c1b5,potpourri.accountant,premium,437.5,62.5,high,low,9,name.com,,,25/08/2026 08:24
1239dd58-cf4a-46fb-9b04-1f4d434b6d66,arietta.accountant,premium,448,53.92,medium,low,7,namesilo,,,20/09/2026 05:25
f07a70d6-06ac-40b3-9f60-4ae065b8452f,increasing.accountant,available,23.59,23.59,high,low,10,namesilo,,,25/09/2026 08:12
ae85d934-a160-4599-9ec3-bea7df6869e3,cortical.accountant,premium,437.5,62.5,medium,low,8,name.com,,,13/08/2026 02:35
d46221a6-dc95-4acc-9099-762441751e60,texas.accountant,available,,,high,medium,5,,,,
5170fd04-cd22-49a0-b1f2-6bff35d864ec,weightless.accountant,premium,448,53.92,high,low,10,namesilo,,,13/09/2026 10:09
2bf536f6-cbc3-4013-82a4-eaa4818e8524,reprobate.accountant,available,23.59,23.59,medium,low,9,namesilo,,,14/08/2026 02:38
b6400eb9-08ab-45e4-86b7-aebfc9fa94f4,rurally.accountant,available,23.59,23.59,medium,low,7,namesilo,,,16/09/2026 00:20
ce11bf61-bf4a-4a1d-8a40-a2818702b6c3,bahia.accountant,premium,448,53.92,medium,low,5,namesilo,,,27/09/2026 18:32
71e2ca78-c1fb-4bb4-9d55-2eb8d89587ed,twit.accountant,premium,448,53.92,medium,low,4,namesilo,,,11/09/2026 09:11
f83cbcd4-b573-4e6e-892a-8b7763eda0e8,francesca.accountant,premium,437.5,,high,low,9,name.com,,,
87708fb3-fa10-4821-a6d3-1afad8c70ee1,iron.accountant,premium,640,77.35,high,low,4,namesilo,,,23/09/2026 13:11
5804502b-628e-4420-b2d5-a18aca5f5089,holdup.accountant,premium,448,53.92,medium,low,6,namesilo,,,20/09/2026 06:37
bdd6d5fb-0b20-42d4-9daf-58ae332d6b03,oxonian.accountant,available,23.59,23.59,medium,low,7,namesilo,,,04/09/2026 22:32
ba8b91b4-8e8b-46bd-b440-5e59e07ec479,dedicate.accountant,premium,437.5,,high,low,8,name.com,,,
9db7b39f-3347-4131-9d81-f60ce5111a97,release.accountant,premium,455,65,high,low,7,namecheap,,,24/09/2026 21:38
87a964c1-82f3-4ffa-b4d7-aadcf49e2d31,rhombic.accountant,premium,437.5,62.5,medium,low,7,name.com,,,09/09/2026 16:43
88821d97-8330-4f53-8059-80a5ace90886,bathrobe.accountant,available,23.59,23.59,high,low,8,namesilo,,,22/09/2026 13:50
0b6e9901-4331-43c8-8af4-d99f7df52c35,witnesses.accountant,available,25.98,31.98,medium,low,9,namecheap,,,25/09/2026 18:59
77df86b0-fec0-46f7-b400-e1f8bf69964d,arthritis.accountant,available,23.59,23.59,high,low,9,namesilo,,,20/09/2026 10:37
21645e83-3959-4b53-9e0b-2987fd695841,achy.accountant,available,23.59,23.59,medium,low,4,namesilo,,,
afcf84c6-b3d3-4fba-93bd-a6a01bb10de7,toes.accountant,premium,455,65,medium,low,4,namecheap,,,17/09/2026 01:11
e32d5fa7-18dc-4a31-9bd3-02f21674fb4f,breeding.accountant,available,23.59,23.59,high,low,8,namesilo,,,11/08/2026 03:36
317a78f3-fa52-4f7d-ab5a-2a60099d2d91,crockett.accountant,premium,517.7,67.48,medium,low,8,spaceship,,,28/09/2026 01:43
0ef3ebba-4446-49f3-b08f-92b54247c71a,eleventh.accountant,available,23.59,23.59,high,low,8,namesilo,,,
a7e0d398-07f2-463c-99bb-3b032b9cad30,extant.accountant,premium,437.5,62.5,medium,low,6,name.com,,,17/08/2026 18:56
9e877cec-183c-4c6c-b26a-fbecdb94d2ef,fossorial.accountant,available,23.59,23.59,medium,low,9,namesilo,,,18/08/2026 13:21
c11df1ad-3975-4526-8e7f-907b2178267f,rollover.accountant,premium,448,53.92,high,low,9,namesilo,,,16/09/2026 17:22
f2ef0b87-dd18-4462-a05b-2431b6166668,bleach.accountant,premium,448,53.92,high,low,6,namesilo,,,24/09/2026 03:49
f38fa815-a210-407c-9f3c-44575a55e65c,wads.accountant,premium,116,29.5,high,low,4,namesilo,,,14/09/2026 23:30
9b657bc3-48b4-4d91-9730-6ea1a0d64b85,peter.accountant,premium,448,53.92,high,medium,5,namesilo,,,24/09/2026 16:12
82f1ff0e-9ef3-4bd6-a277-432b0a4f80e9,resolute.accountant,premium,448,53.92,high,low,8,namesilo,,,27/09/2026 12:14
9cc9785b-20b2-4ab2-9c2a-ba74d8e1a321,husbandry.accountant,available,23.59,23.59,high,low,9,namesilo,,,17/08/2026 22:35
3918cf8d-aba9-40b0-b9cf-9e0a32588e03,urged.accountant,available,23.59,23.59,medium,low,5,namesilo,,,19/09/2026 03:59
d678e24f-5c28-41ab-92fe-57ddfcea74aa,nonsocial.accountant,available,25.98,31.98,medium,low,9,namecheap,,,03/09/2026 19:18
4987be39-d8d7-40ae-9971-eea7f334ab64,cruel.accountant,premium,116,29.5,high,low,5,namesilo,,,22/09/2026 17:21
ea341c43-4d1e-4d46-b14f-4994c4533d58,mesh.accountant,premium,448,53.92,high,high,4,namesilo,,,28/09/2026 06:10
fac27f30-bf24-4642-a577-7fe4bbe2851c,advertised.accountant,available,23.59,23.59,medium,low,10,namesilo,,,
0b3a5aae-a19c-402c-99cf-1f68c1eff1f5,blaring.accountant,available,23.59,23.59,medium,low,7,namesilo,,,10/08/2026 13:08
2c208bc2-04bb-4ca5-839f-16c47f81b5c1,informer.accountant,premium,448,53.92,high,low,8,namesilo,,,23/09/2026 11:26
d6e1ecca-c3f5-4373-93d8-0407776553f1,connect.accountant,premium,625,81.25,high,medium,7,name.com,,,07/08/2026 07:16
5a0fa4b4-8a8c-45b0-9204-a3a2a72c2dee,artfulness.accountant,available,23.59,23.59,high,low,10,namesilo,,,20/09/2026 10:34
938b3441-e764-4772-b08b-fe2ee15f557f,auxesis.accountant,available,25.98,31.98,medium,low,7,namecheap,,,21/09/2026 08:33
c28c23aa-e38c-4314-a3c4-f68ea045aaa4,multiplication.accountant,premium,437.5,,medium,low,14,name.com,,,
32853143-6a18-48d5-af44-e952c922e40a,groove.accountant,premium,448,53.92,high,low,6,namesilo,,,28/09/2026 05:49
c74c876b-8732-4352-a9c0-3b3f44348ba3,philatelic.accountant,available,25.98,31.98,medium,low,10,namecheap,,,08/09/2026 18:49
bd623bde-58af-495d-8015-66e51a4964df,whitaker.accountant,premium,362.45,51.95,high,low,8,spaceship,,,27/09/2026 20:44
ef7cb824-833b-4fae-8aef-27bcaa88ebd4,blender.accountant,premium,448,53.92,high,low,7,namesilo,,,24/09/2026 05:44
9c47056e-3137-4ddb-a900-b6b6811693c2,feeble.accountant,available,34.99,37.99,medium,low,6,name.com,,,13/08/2026 20:30
ebd635f2-e4d6-47df-8058-828f49aed8d3,officials.accountant,premium,640,77.35,medium,low,9,namesilo,,,17/09/2026 12:28
c5cf6337-6b96-40e0-afc9-4e6f1198ba21,gratuitous.accountant,available,23.59,23.59,medium,low,10,namesilo,,,13/08/2026 03:14
29fe1e80-a26d-4b22-af03-effc6993f4f3,xcvi.accountant,premium,116,29.5,medium,low,4,namesilo,,,
3bdcbc0e-75e5-45c8-ba4b-19de2fdd2521,gabble.accountant,available,25.98,31.98,medium,low,6,namecheap,,,23/09/2026 23:37
076d15bc-75ba-444d-9ef8-f621035f9e57,haphazard.accountant,premium,437.5,62.5,medium,low,9,name.com,,,20/08/2026 23:46
b550f367-45c9-4f88-a619-6451a660ea89,flaming.accountant,premium,437.5,62.5,high,low,7,name.com,,,18/08/2026 06:30
46afd8ad-e479-45ad-810c-078d51549d04,amati.accountant,premium,448,53.92,high,low,5,namesilo,,,18/09/2026 16:09
ef49fe1c-3ee9-4a3f-b7c2-ed85bf7ccf9e,chinchy.accountant,available,23.59,23.59,medium,low,7,namesilo,,,12/08/2026 05:42
54f1c55b-f66f-4d2c-a246-00e7eb631eb4,tilefish.accountant,available,23.59,23.59,medium,low,8,namesilo,,,24/09/2026 04:04
618d42f5-1074-42f6-b34c-ea09708c82db,motivation.accountant,premium,448,53.92,high,low,10,namesilo,,,25/09/2026 21:49
bc012362-4901-4991-a5c8-edc5904efbd5,artesian.accountant,premium,625,81.25,medium,low,8,name.com,,,06/08/2026 22:39
887d4162-53d0-4bcf-8a1a-7b2f01a86859,animals.accountant,premium,437.5,,high,low,7,name.com,,,
c85708c8-3a2b-492a-a397-4bdd88502e68,stress.accountant,premium,437.5,,high,low,6,name.com,,,
0aa29908-07e4-4670-812b-8fa72d95a16a,fishy.accountant,available,23.59,23.59,high,low,5,namesilo,,,18/08/2026 05:32
883e5edf-db2e-4fc4-bfbb-ef8d857b9438,ally.accountant,available,,,high,high,4,,,,
5228d16d-3193-4390-bc6a-6b594edbbb68,killed.accountant,available,23.59,23.59,medium,low,6,namesilo,,,17/09/2026 12:17
70e287b9-d48e-46b4-8218-c994ab29398e,bata.accountant,premium,448,53.92,medium,low,4,namesilo,,,22/09/2026 13:09
7d22c2aa-0904-4a5a-86d5-1f0a1b0ce490,gamin.accountant,available,23.59,23.59,medium,low,5,namesilo,,,11/09/2026 14:56
242d1671-534b-47c6-8228-d4499e2a88d8,frugal.accountant,premium,625,81.25,high,low,6,name.com,,,18/08/2026 16:57
924a7b7e-a6a1-4baf-a479-7c2778cef6e6,invaluable.accountant,premium,448,53.92,high,low,10,namesilo,,,25/09/2026 11:01
ec92210b-f19c-41fc-85b3-55241c9a648c,indecisive.accountant,available,23.59,23.59,medium,low,10,namesilo,,,22/08/2026 02:27
81d92386-5880-422e-b817-4fd14c5c457c,autoloader.accountant,premium,448,53.92,medium,low,10,namesilo,,,21/09/2026 06:48
f7ad0d65-f197-4a6c-a99d-d277fa1127ca,comal.accountant,premium,625,81.25,medium,low,5,name.com,,,12/08/2026 18:23
feedb75a-9198-4d95-9ee1-ccf33217ba2e,slender.accountant,premium,437.5,62.5,high,low,7,name.com,,,24/08/2026 01:14
44d33955-d383-49ff-bb16-5c5ded3b3949,translation.accountant,premium,437.5,,high,low,11,name.com,,,